hosp,count,ptDays,sir,ciLow,ciHigh,comp,facility,measure
STATE OF CALIFORNIA POOLED DATA,728,15471564,0.78,,,,Acute Care Hospitals,Hospital-Onset (HO) Methicillin-Resistant Staphylococcus Aureus Bloodstream Infections (MRSA BSI)
ADVENTIST HEALTH SYSTEMS,2,46475,0.77,0.09,2.8,N,Acute Care Hospitals,Hospital-Onset (HO) Methicillin-Resistant Staphylococcus Aureus Bloodstream Infections (MRSA BSI)
"ADVENTIST MED CTR, HANFORD",,,,,,,Acute Care Hospitals,Hospital-Onset (HO) Methicillin-Resistant Staphylococcus Aureus Bloodstream Infections (MRSA BSI)
ADVENTIST MED CTR-SELMA,,,,,,,Acute Care Hospitals,Hospital-Onset (HO) Methicillin-Resistant Staphylococcus Aureus Bloodstream Infections (MRSA BSI)
"ADVENTIST MED CTR, REEDLEY",0,6269,,,,N,Acute Care Hospitals,Hospital-Onset (HO) Methicillin-Resistant Staphylococcus Aureus Bloodstream Infections (MRSA BSI)
"AHMC ANAHEIM REGIONAL MED CTR, ANAHEIM",3,53729,1.14,0.23,3.33,N,Acute Care Hospitals,Hospital-Onset (HO) Methicillin-Resistant Staphylococcus Aureus Bloodstream Infections (MRSA BSI)
ALAMEDA COUNTY MED CTR,11,55291,4.56,2.27,8.15,N,Acute Care Hospitals,Hospital-Onset (HO) Methicillin-Resistant Staphylococcus Aureus Bloodstream Infections (MRSA BSI)
"ALAMEDA COUNTY MED CTR, OAKLAND",,,,,,,Acute Care Hospitals,Hospital-Onset (HO) Methicillin-Resistant Staphylococcus Aureus Bloodstream Infections (MRSA BSI)
"ALAMEDA COUNTY MED CTR-FAIRMONT CAMPUS, SAN LEANDRO",,,,,,,Acute Care Hospitals,Hospital-Onset (HO) Methicillin-Resistant Staphylococcus Aureus Bloodstream Infections (MRSA BSI)
ALAMEDA HOSP,2,12701,1.67,0.20,6.02,N,Acute Care Hospitals,Hospital-Onset (HO) Methicillin-Resistant Staphylococcus Aureus Bloodstream Infections (MRSA BSI)
ALHAMBRA HOSP MED CTR,1,17128,,,,N,Acute Care Hospitals,Hospital-Onset (HO) Methicillin-Resistant Staphylococcus Aureus Bloodstream Infections (MRSA BSI)
"ALTA LOS ANGELES HOSPS, INC.",2,42895,1.23,0.15,4.44,N,Acute Care Hospitals,Hospital-Onset (HO) Methicillin-Resistant Staphylococcus Aureus Bloodstream Infections (MRSA BSI)
LOS ANGELES COMMUNITY HOSP,,,,,,,Acute Care Hospitals,Hospital-Onset (HO) Methicillin-Resistant Staphylococcus Aureus Bloodstream Infections (MRSA BSI)
NORWALK COMMUNITY HOSP,,,,,,,Acute Care Hospitals,Hospital-Onset (HO) Methicillin-Resistant Staphylococcus Aureus Bloodstream Infections (MRSA BSI)
"ALVARADO HOSP, LLC",1,30238,0.44,0.01,2.45,N,Acute Care Hospitals,Hospital-Onset (HO) Methicillin-Resistant Staphylococcus Aureus Bloodstream Infections (MRSA BSI)
"ALVARADO HOSP MED CTR, CAMPUS #1, SAN DIEGO",,,,,,,Acute Care Hospitals,Hospital-Onset (HO) Methicillin-Resistant Staphylococcus Aureus Bloodstream Infections (MRSA BSI)
"ALVARADO HOSP MED CTR, CAMPUS #2, SAN DIEGO",,,,,,,Acute Care Hospitals,Hospital-Onset (HO) Methicillin-Resistant Staphylococcus Aureus Bloodstream Infections (MRSA BSI)
ANAHEIM GENERAL HOSP,0,6589,,,,N,Acute Care Hospitals,Hospital-Onset (HO) Methicillin-Resistant Staphylococcus Aureus Bloodstream Infections (MRSA BSI)
"ANTELOPE VALLEY HOSP, LANCASTER",8,102141,1.25,0.54,2.46,N,Acute Care Hospitals,Hospital-Onset (HO) Methicillin-Resistant Staphylococcus Aureus Bloodstream Infections (MRSA BSI)
"ARROWHEAD RGN MED CTR, COLTON",12,109367,0.98,0.51,1.71,N,Acute Care Hospitals,Hospital-Onset (HO) Methicillin-Resistant Staphylococcus Aureus Bloodstream Infections (MRSA BSI)
BAKERSFIELD HEART HOSP,3,17135,,,,N,Acute Care Hospitals,Hospital-Onset (HO) Methicillin-Resistant Staphylococcus Aureus Bloodstream Infections (MRSA BSI)
BAKERSFIELD MEMORIAL HOSP,5,72093,0.86,0.28,2.0,N,Acute Care Hospitals,Hospital-Onset (HO) Methicillin-Resistant Staphylococcus Aureus Bloodstream Infections (MRSA BSI)
"BANNER LASSEN MED CTR, SUSANVILLE",0,5705,,,,N,Acute Care Hospitals,Hospital-Onset (HO) Methicillin-Resistant Staphylococcus Aureus Bloodstream Infections (MRSA BSI)
BARSTOW COMMUNITY HOSP,0,7730,,,,N,Acute Care Hospitals,Hospital-Onset (HO) Methicillin-Resistant Staphylococcus Aureus Bloodstream Infections (MRSA BSI)
"BARTON MEMORIAL HOSP, SOUTH LAKE TAHOE",0,7019,,,,N,Acute Care Hospitals,Hospital-Onset (HO) Methicillin-Resistant Staphylococcus Aureus Bloodstream Infections (MRSA BSI)
"BEAR VALLEY COMMUNITY HOSP, BIG BEAR LAKE",0,765,,,,N,Acute Care Hospitals,Hospital-Onset (HO) Methicillin-Resistant Staphylococcus Aureus Bloodstream Infections (MRSA BSI)
BELLFLOWER MED CTR,0,26978,,,,N,Acute Care Hospitals,Hospital-Onset (HO) Methicillin-Resistant Staphylococcus Aureus Bloodstream Infections (MRSA BSI)
"BEVERLY HOSP, MONTEBELLO",0,41363,0.00,0.00,2.07,N,Acute Care Hospitals,Hospital-Onset (HO) Methicillin-Resistant Staphylococcus Aureus Bloodstream Infections (MRSA BSI)
"BIGGS GRIDLEY MEMORIAL HOSP, GRIDLEY",0,2482,,,,N,Acute Care Hospitals,Hospital-Onset (HO) Methicillin-Resistant Staphylococcus Aureus Bloodstream Infections (MRSA BSI)
"BROTMAN MED CTR, CULVER CITY",8,66532,2.16,0.93,4.25,N,Acute Care Hospitals,Hospital-Onset (HO) Methicillin-Resistant Staphylococcus Aureus Bloodstream Infections (MRSA BSI)
"CALIFORNIA HOSP MED CTR, LOS ANGELES",3,74155,0.67,0.14,1.96,N,Acute Care Hospitals,Hospital-Onset (HO) Methicillin-Resistant Staphylococcus Aureus Bloodstream Infections (MRSA BSI)
"CALIFORNIA MED FACILITY, VACAVILLE",0,2127,,,,N,Acute Care Hospitals,Hospital-Onset (HO) Methicillin-Resistant Staphylococcus Aureus Bloodstream Infections (MRSA BSI)
"CALIFORNIA MENS COLONY, SAN LUIS OBISPO",0,10044,,,,N,Acute Care Hospitals,Hospital-Onset (HO) Methicillin-Resistant Staphylococcus Aureus Bloodstream Infections (MRSA BSI)
"CALIFORNIA PACIFIC MED CTR, ST LUKE'S CAMPUS, SAN FRANCISCO",1,17166,,,,N,Acute Care Hospitals,Hospital-Onset (HO) Methicillin-Resistant Staphylococcus Aureus Bloodstream Infections (MRSA BSI)
"CATALINA ISLAND MED CTR, AVALON",0,63,,,,N,Acute Care Hospitals,Hospital-Onset (HO) Methicillin-Resistant Staphylococcus Aureus Bloodstream Infections (MRSA BSI)
"CEDARS-SINAI MED CTR, LOS ANGELES",14,272456,0.52,0.28,0.88,L,Acute Care Hospitals,Hospital-Onset (HO) Methicillin-Resistant Staphylococcus Aureus Bloodstream Infections (MRSA BSI)
"CENTINELA HOSP MED CTR, INGLEWOOD",2,66942,0.50,0.06,1.82,N,Acute Care Hospitals,Hospital-Onset (HO) Methicillin-Resistant Staphylococcus Aureus Bloodstream Infections (MRSA BSI)
"CENTRAL VALLEY GENERAL HOSP, HANFORD",0,7783,,,,N,Acute Care Hospitals,Hospital-Onset (HO) Methicillin-Resistant Staphylococcus Aureus Bloodstream Infections (MRSA BSI)
"CHAPMAN MED CTR, ORANGE",0,10658,,,,N,Acute Care Hospitals,Hospital-Onset (HO) Methicillin-Resistant Staphylococcus Aureus Bloodstream Infections (MRSA BSI)
CHILDRENS HOSP AND RESEARCH CTR AT OAKLAND,0,49533,0.00,0.00,1.59,N,Acute Care Hospitals,Hospital-Onset (HO) Methicillin-Resistant Staphylococcus Aureus Bloodstream Infections (MRSA BSI)
"CHILDREN'S HOSP AT MISSION, MISSION VIEJO",0,6470,,,,N,Acute Care Hospitals,Hospital-Onset (HO) Methicillin-Resistant Staphylococcus Aureus Bloodstream Infections (MRSA BSI)
"CHILDREN'S HOSP CENTRAL CA, MADERA",2,78598,0.60,0.07,2.18,N,Acute Care Hospitals,Hospital-Onset (HO) Methicillin-Resistant Staphylococcus Aureus Bloodstream Infections (MRSA BSI)
CHILDRENS HOSP OF LOS ANGELES,2,99595,0.37,0.04,1.34,N,Acute Care Hospitals,Hospital-Onset (HO) Methicillin-Resistant Staphylococcus Aureus Bloodstream Infections (MRSA BSI)
"CHILDREN'S HOSP OF ORANGE COUNTY, ORANGE",0,58912,0.00,0.00,1.19,N,Acute Care Hospitals,Hospital-Onset (HO) Methicillin-Resistant Staphylococcus Aureus Bloodstream Infections (MRSA BSI)
"CHINESE HOSP, SAN FRANCISCO",0,10424,,,,N,Acute Care Hospitals,Hospital-Onset (HO) Methicillin-Resistant Staphylococcus Aureus Bloodstream Infections (MRSA BSI)
"CHINO VALLEY MED CTR, CHINO",0,15580,,,,N,Acute Care Hospitals,Hospital-Onset (HO) Methicillin-Resistant Staphylococcus Aureus Bloodstream Infections (MRSA BSI)
"CITRUS VALLEY MED CTR, INC.",7,119188,0.82,0.33,1.70,N,Acute Care Hospitals,Hospital-Onset (HO) Methicillin-Resistant Staphylococcus Aureus Bloodstream Infections (MRSA BSI)
"CITRUS VALLEY MED CTR, IC , COVINA",,,,,,,Acute Care Hospitals,Hospital-Onset (HO) Methicillin-Resistant Staphylococcus Aureus Bloodstream Infections (MRSA BSI)
"CITRUS VALLEY MED CTR, QV, WEST COVINA",,,,,,,Acute Care Hospitals,Hospital-Onset (HO) Methicillin-Resistant Staphylococcus Aureus Bloodstream Infections (MRSA BSI)
"CITY OF HOPE HELFORD CLINICAL RESEARCH HOSP, DUARTE",1,60516,0.45,0.01,2.48,N,Acute Care Hospitals,Hospital-Onset (HO) Methicillin-Resistant Staphylococcus Aureus Bloodstream Infections (MRSA BSI)
CLOVIS COMMUNITY MED CTR,2,36535,1.34,0.16,4.84,N,Acute Care Hospitals,Hospital-Onset (HO) Methicillin-Resistant Staphylococcus Aureus Bloodstream Infections (MRSA BSI)
COALINGA REGIONAL MED CTR,0,1228,,,,N,Acute Care Hospitals,Hospital-Onset (HO) Methicillin-Resistant Staphylococcus Aureus Bloodstream Infections (MRSA BSI)
"COAST PLAZA HOSP, NORWALK",2,15078,1.71,0.21,6.18,N,Acute Care Hospitals,Hospital-Onset (HO) Methicillin-Resistant Staphylococcus Aureus Bloodstream Infections (MRSA BSI)
"COASTAL COMMUNITIES HOSP, SANTA ANA",1,21683,0.92,0.02,5.12,N,Acute Care Hospitals,Hospital-Onset (HO) Methicillin-Resistant Staphylococcus Aureus Bloodstream Infections (MRSA BSI)
COLLEGE HOSP COSTA MESA,0,39020,0.00,0.00,2.64,N,Acute Care Hospitals,Hospital-Onset (HO) Methicillin-Resistant Staphylococcus Aureus Bloodstream Infections (MRSA BSI)
COLUSA REG MED CTR,0,2915,,,,N,Acute Care Hospitals,Hospital-Onset (HO) Methicillin-Resistant Staphylococcus Aureus Bloodstream Infections (MRSA BSI)
COMMUNITY AND MISSION HOSP OF HUNTINGTON PARK,0,10930,,,,N,Acute Care Hospitals,Hospital-Onset (HO) Methicillin-Resistant Staphylococcus Aureus Bloodstream Infections (MRSA BSI)
COMMUNITY HOSP LONG BEACH,2,10539,,,,N,Acute Care Hospitals,Hospital-Onset (HO) Methicillin-Resistant Staphylococcus Aureus Bloodstream Infections (MRSA BSI)
"COMMUNITY HOSP OF THE MONTEREY PENINSULA, MONTEREY",0,47973,0.00,0.00,2.15,N,Acute Care Hospitals,Hospital-Onset (HO) Methicillin-Resistant Staphylococcus Aureus Bloodstream Infections (MRSA BSI)
COMMUNITY HOSP OF SAN BERNARDINO,2,34621,1.54,0.19,5.55,N,Acute Care Hospitals,Hospital-Onset (HO) Methicillin-Resistant Staphylococcus Aureus Bloodstream Infections (MRSA BSI)
"COMMUNITY MEMORIAL HOSP, SAN BUENAVENTURA, VENTURA",1,43088,0.39,0.01,2.14,N,Acute Care Hospitals,Hospital-Onset (HO) Methicillin-Resistant Staphylococcus Aureus Bloodstream Infections (MRSA BSI)
"COMMUNITY REGIONAL MED CTR, FRESNO",20,185697,0.98,0.60,1.52,N,Acute Care Hospitals,Hospital-Onset (HO) Methicillin-Resistant Staphylococcus Aureus Bloodstream Infections (MRSA BSI)
"CONTRA COSTA REGIONAL MED CTR, MARTINEZ",1,44461,0.55,0.01,3.07,N,Acute Care Hospitals,Hospital-Onset (HO) Methicillin-Resistant Staphylococcus Aureus Bloodstream Infections (MRSA BSI)
CORCORAN DISTRICT HOSP,0,1391,,,,N,Acute Care Hospitals,Hospital-Onset (HO) Methicillin-Resistant Staphylococcus Aureus Bloodstream Infections (MRSA BSI)
COUNTY OF VENTURA,0,53236,0.00,0.00,1.45,N,Acute Care Hospitals,Hospital-Onset (HO) Methicillin-Resistant Staphylococcus Aureus Bloodstream Infections (MRSA BSI)
VENTURA COUNTY MED CTR,,,,,,,Acute Care Hospitals,Hospital-Onset (HO) Methicillin-Resistant Staphylococcus Aureus Bloodstream Infections (MRSA BSI)
"VENTURA COUNTY MED CTR, SANTA PAULA HOSP",,,,,,,Acute Care Hospitals,Hospital-Onset (HO) Methicillin-Resistant Staphylococcus Aureus Bloodstream Infections (MRSA BSI)
"DAMERON HOSP, STOCKTON",2,38345,0.89,0.11,3.23,N,Acute Care Hospitals,Hospital-Onset (HO) Methicillin-Resistant Staphylococcus Aureus Bloodstream Infections (MRSA BSI)
DELANO REGIONAL MED CTR,2,15368,,,,N,Acute Care Hospitals,Hospital-Onset (HO) Methicillin-Resistant Staphylococcus Aureus Bloodstream Infections (MRSA BSI)
"DESERT REGIONAL MED CTR, PALM SPRINGS",4,73791,1.07,0.29,2.73,N,Acute Care Hospitals,Hospital-Onset (HO) Methicillin-Resistant Staphylococcus Aureus Bloodstream Infections (MRSA BSI)
"DESERT VALLEY HOSP, VICTORVILLE",0,29490,0.00,0.00,2.12,N,Acute Care Hospitals,Hospital-Onset (HO) Methicillin-Resistant Staphylococcus Aureus Bloodstream Infections (MRSA BSI)
DIGNITY HEALTH,0,50668,0.00,0.00,1.50,N,Acute Care Hospitals,Hospital-Onset (HO) Methicillin-Resistant Staphylococcus Aureus Bloodstream Infections (MRSA BSI)
"DOMINICAN HOSP CAMPUS #1, SANTA CRUZ",,,,,,,Acute Care Hospitals,Hospital-Onset (HO) Methicillin-Resistant Staphylococcus Aureus Bloodstream Infections (MRSA BSI)
"DOMINICAN HOSP CAMPUS #2, SANTA CRUZ",,,,,,,Acute Care Hospitals,Hospital-Onset (HO) Methicillin-Resistant Staphylococcus Aureus Bloodstream Infections (MRSA BSI)
DIGNITY HEALTH,0,54670,0.00,0.00,1.52,N,Acute Care Hospitals,Hospital-Onset (HO) Methicillin-Resistant Staphylococcus Aureus Bloodstream Infections (MRSA BSI)
"MERCY HOSP, BAKERSFIELD",,,,,,,Acute Care Hospitals,Hospital-Onset (HO) Methicillin-Resistant Staphylococcus Aureus Bloodstream Infections (MRSA BSI)
"MERCY SOUTHWEST HOSP, BAKERSFIELD",,,,,,,Acute Care Hospitals,Hospital-Onset (HO) Methicillin-Resistant Staphylococcus Aureus Bloodstream Infections (MRSA BSI)
DOCTORS HOSP OF MANTECA,3,16696,,,,N,Acute Care Hospitals,Hospital-Onset (HO) Methicillin-Resistant Staphylococcus Aureus Bloodstream Infections (MRSA BSI)
"DOCTORS HOSP OF WEST COVINA, INC, WEST COVINA",0,542,,,,N,Acute Care Hospitals,Hospital-Onset (HO) Methicillin-Resistant Staphylococcus Aureus Bloodstream Infections (MRSA BSI)
"DOCTORS MED CTR, MODESTO",2,124419,0.22,0.03,0.80,L,Acute Care Hospitals,Hospital-Onset (HO) Methicillin-Resistant Staphylococcus Aureus Bloodstream Infections (MRSA BSI)
"DOCTORS MED CTR, SAN PABLO",2,27505,1.16,0.14,4.19,N,Acute Care Hospitals,Hospital-Onset (HO) Methicillin-Resistant Staphylococcus Aureus Bloodstream Infections (MRSA BSI)
DOWNEY REGIONAL MED CTR,4,41622,1.95,0.53,4.98,N,Acute Care Hospitals,Hospital-Onset (HO) Methicillin-Resistant Staphylococcus Aureus Bloodstream Infections (MRSA BSI)
"EARL & LORAINE MILLER CHILDREN'S HOSP, LONG BEACH",1,83845,0.31,0.01,1.70,N,Acute Care Hospitals,Hospital-Onset (HO) Methicillin-Resistant Staphylococcus Aureus Bloodstream Infections (MRSA BSI)
"EAST LOS ANGELES DOCTORS HOSP, LOS ANGELES",0,27700,0.00,0.00,3.14,N,Acute Care Hospitals,Hospital-Onset (HO) Methicillin-Resistant Staphylococcus Aureus Bloodstream Infections (MRSA BSI)
"EAST VALLEY HOSP MED CTR, GLENDORA",0,7037,,,,N,Acute Care Hospitals,Hospital-Onset (HO) Methicillin-Resistant Staphylococcus Aureus Bloodstream Infections (MRSA BSI)
"EASTERN PLUMAS HEALTH CARE, PORTOLA",0,1038,,,,N,Acute Care Hospitals,Hospital-Onset (HO) Methicillin-Resistant Staphylococcus Aureus Bloodstream Infections (MRSA BSI)
"EISENHOWER MED CTR, RANCHO MIRAGE",2,78588,0.38,0.05,1.38,N,Acute Care Hospitals,Hospital-Onset (HO) Methicillin-Resistant Staphylococcus Aureus Bloodstream Infections (MRSA BSI)
EL CAMINO HOSP,,,,,,,Acute Care Hospitals,Hospital-Onset (HO) Methicillin-Resistant Staphylococcus Aureus Bloodstream Infections (MRSA BSI)
"EL CAMINO HOSP, LOS GATOS",1,14684,,,,N,Acute Care Hospitals,Hospital-Onset (HO) Methicillin-Resistant Staphylococcus Aureus Bloodstream Infections (MRSA BSI)
"EL CAMINO HOSP, MOUNTAIN VIEW",1,68207,0.35,0.01,1.93,N,Acute Care Hospitals,Hospital-Onset (HO) Methicillin-Resistant Staphylococcus Aureus Bloodstream Infections (MRSA BSI)
EL CENTRO REGIONAL MED CTR,0,28624,0.00,0.00,2.69,N,Acute Care Hospitals,Hospital-Onset (HO) Methicillin-Resistant Staphylococcus Aureus Bloodstream Infections (MRSA BSI)
"EMANUEL MED CTR INC, TURLOCK",4,41600,1.98,0.54,5.06,N,Acute Care Hospitals,Hospital-Onset (HO) Methicillin-Resistant Staphylococcus Aureus Bloodstream Infections (MRSA BSI)
"ENCINO HOSP MED CTR, ENCINO",0,19357,0.00,0.00,3.28,N,Acute Care Hospitals,Hospital-Onset (HO) Methicillin-Resistant Staphylococcus Aureus Bloodstream Infections (MRSA BSI)
ENLOE MED CTR,1,68267,0.24,0.01,1.34,N,Acute Care Hospitals,Hospital-Onset (HO) Methicillin-Resistant Staphylococcus Aureus Bloodstream Infections (MRSA BSI)
"ENLOE MED CTR-COHASSET, CHICO",,,,,,,Acute Care Hospitals,Hospital-Onset (HO) Methicillin-Resistant Staphylococcus Aureus Bloodstream Infections (MRSA BSI)
"ENLOE MED CTR-ESPLANADE, CHICO",,,,,,,Acute Care Hospitals,Hospital-Onset (HO) Methicillin-Resistant Staphylococcus Aureus Bloodstream Infections (MRSA BSI)
"ENLOE REHABILITATION CTR, CHICO",,,,,,,Acute Care Hospitals,Hospital-Onset (HO) Methicillin-Resistant Staphylococcus Aureus Bloodstream Infections (MRSA BSI)
"FAIRCHILD MED CTR, YREKA",0,4838,,,,N,Acute Care Hospitals,Hospital-Onset (HO) Methicillin-Resistant Staphylococcus Aureus Bloodstream Infections (MRSA BSI)
"FAIRVIEW DEVELOPMENTAL CTR, COSTA MESA",0,333,,,,N,Acute Care Hospitals,Hospital-Onset (HO) Methicillin-Resistant Staphylococcus Aureus Bloodstream Infections (MRSA BSI)
FALLBROOK HOSP DISTRICT,0,6221,,,,N,Acute Care Hospitals,Hospital-Onset (HO) Methicillin-Resistant Staphylococcus Aureus Bloodstream Infections (MRSA BSI)
"FEATHER RIVER HOSP, PARADISE",1,22934,,,,N,Acute Care Hospitals,Hospital-Onset (HO) Methicillin-Resistant Staphylococcus Aureus Bloodstream Infections (MRSA BSI)
"FOOTHILL PRESBYTERIAN HSP-JOHNSTON MEMORIAL, GLENDORA",1,19770,,,,N,Acute Care Hospitals,Hospital-Onset (HO) Methicillin-Resistant Staphylococcus Aureus Bloodstream Infections (MRSA BSI)
FOUNTAIN VALLEY REGIONAL HOSP & MED CTR,3,93050,0.72,0.15,2.11,N,Acute Care Hospitals,Hospital-Onset (HO) Methicillin-Resistant Staphylococcus Aureus Bloodstream Infections (MRSA BSI)
FOUNTAIN VALLEY REGIONAL HOSP & MED CTR,,,,,,,Acute Care Hospitals,Hospital-Onset (HO) Methicillin-Resistant Staphylococcus Aureus Bloodstream Infections (MRSA BSI)
"FRANK R. HOWARD MEMORIAL HOSP, WILLITS",0,5703,,,,N,Acute Care Hospitals,Hospital-Onset (HO) Methicillin-Resistant Staphylococcus Aureus Bloodstream Infections (MRSA BSI)
FREMONT-RIDEOUT HEALTH GROUP,5,48944,2.06,0.67,4.81,N,Acute Care Hospitals,Hospital-Onset (HO) Methicillin-Resistant Staphylococcus Aureus Bloodstream Infections (MRSA BSI)
"FREMONT MED CTR, YUBA CITY",,,,,,,Acute Care Hospitals,Hospital-Onset (HO) Methicillin-Resistant Staphylococcus Aureus Bloodstream Infections (MRSA BSI)
"RIDEOUT MEMORIAL HOSP, MARYSVILLE",,,,,,,Acute Care Hospitals,Hospital-Onset (HO) Methicillin-Resistant Staphylococcus Aureus Bloodstream Infections (MRSA BSI)
"FRENCH HOSP MED CTR, SAN LUIS OBISPO",0,14907,,,,N,Acute Care Hospitals,Hospital-Onset (HO) Methicillin-Resistant Staphylococcus Aureus Bloodstream Infections (MRSA BSI)
FRESNO HEART AND SURGICAL HOSP,0,10448,,,,N,Acute Care Hospitals,Hospital-Onset (HO) Methicillin-Resistant Staphylococcus Aureus Bloodstream Infections (MRSA BSI)
FRESNO SURGICAL HOSP,0,3653,,,,N,Acute Care Hospitals,Hospital-Onset (HO) Methicillin-Resistant Staphylococcus Aureus Bloodstream Infections (MRSA BSI)
GARDEN GROVE HOSP AND MED CTR,2,23445,1.53,0.18,5.52,N,Acute Care Hospitals,Hospital-Onset (HO) Methicillin-Resistant Staphylococcus Aureus Bloodstream Infections (MRSA BSI)
"GARFIELD MED CTR, MONTEREY PARK",0,57640,0.00,0.00,1.74,N,Acute Care Hospitals,Hospital-Onset (HO) Methicillin-Resistant Staphylococcus Aureus Bloodstream Infections (MRSA BSI)
"GEORGE L. MEE MEMORIAL HOSP, KING CITY",0,28186,0.00,0.00,3.25,N,Acute Care Hospitals,Hospital-Onset (HO) Methicillin-Resistant Staphylococcus Aureus Bloodstream Infections (MRSA BSI)
GLENDALE ADVENTIST MED CTR,7,106289,0.95,0.38,1.95,N,Acute Care Hospitals,Hospital-Onset (HO) Methicillin-Resistant Staphylococcus Aureus Bloodstream Infections (MRSA BSI)
GLENDALE MEMORIAL HOSP AND HEALTH CTR,3,55114,0.66,0.14,1.94,N,Acute Care Hospitals,Hospital-Onset (HO) Methicillin-Resistant Staphylococcus Aureus Bloodstream Infections (MRSA BSI)
"GLENN MED CTR, WILLOWS",0,1174,,,,N,Acute Care Hospitals,Hospital-Onset (HO) Methicillin-Resistant Staphylococcus Aureus Bloodstream Infections (MRSA BSI)
"GOLETA VALLEY COTTAGE HOSP, SANTA BARBARA",0,14632,,,,N,Acute Care Hospitals,Hospital-Onset (HO) Methicillin-Resistant Staphylococcus Aureus Bloodstream Infections (MRSA BSI)
"GOOD SAMARITAN HOSP, BAKERSFIELD",0,4444,,,,N,Acute Care Hospitals,Hospital-Onset (HO) Methicillin-Resistant Staphylococcus Aureus Bloodstream Infections (MRSA BSI)
"GOOD SAMARITAN HOSP, LOS ANGELES",1,69203,0.28,0.01,1.56,N,Acute Care Hospitals,Hospital-Onset (HO) Methicillin-Resistant Staphylococcus Aureus Bloodstream Infections (MRSA BSI)
"GOOD SAMARITAN HOSP, LP",3,87621,0.58,0.12,1.69,N,Acute Care Hospitals,Hospital-Onset (HO) Methicillin-Resistant Staphylococcus Aureus Bloodstream Infections (MRSA BSI)
"MISSION OAKS HOSP, LOS GATOS",,,,,,,Acute Care Hospitals,Hospital-Onset (HO) Methicillin-Resistant Staphylococcus Aureus Bloodstream Infections (MRSA BSI)
"GOOD SAMARITAN HOSP, SAN JOSE",,,,,,,Acute Care Hospitals,Hospital-Onset (HO) Methicillin-Resistant Staphylococcus Aureus Bloodstream Infections (MRSA BSI)
"GREATER EL MONTE COMMUNITY HOSP, SOUTH EL MONTE",1,14764,,,,N,Acute Care Hospitals,Hospital-Onset (HO) Methicillin-Resistant Staphylococcus Aureus Bloodstream Infections (MRSA BSI)
"GROSSMONT HOSP, LA MESA",5,122933,0.49,0.16,1.14,N,Acute Care Hospitals,Hospital-Onset (HO) Methicillin-Resistant Staphylococcus Aureus Bloodstream Infections (MRSA BSI)
"HAZEL HAWKINS MEMORIAL HOSP, HOLLISTER",0,7640,,,,N,Acute Care Hospitals,Hospital-Onset (HO) Methicillin-Resistant Staphylococcus Aureus Bloodstream Infections (MRSA BSI)
HEALDSBURG DISTRICT HOSP,0,4025,,,,N,Acute Care Hospitals,Hospital-Onset (HO) Methicillin-Resistant Staphylococcus Aureus Bloodstream Infections (MRSA BSI)
"HEALTHBRIDGE CHILDREN'S HOSP, ORANGE",0,1793,,,,N,Acute Care Hospitals,Hospital-Onset (HO) Methicillin-Resistant Staphylococcus Aureus Bloodstream Infections (MRSA BSI)
¶ HEMET VALLEY MED CTR,2,31817,0.48,0.06,1.75,,Acute Care Hospitals,Hospital-Onset (HO) Methicillin-Resistant Staphylococcus Aureus Bloodstream Infections (MRSA BSI)
"HENRY MAYO NEWHALL MEMORIAL HOSP, VALENCIA",2,53738,0.96,0.12,3.47,N,Acute Care Hospitals,Hospital-Onset (HO) Methicillin-Resistant Staphylococcus Aureus Bloodstream Infections (MRSA BSI)
"HI-DESERT MED CTR, JOSHUA TREE",0,11290,,,,N,Acute Care Hospitals,Hospital-Onset (HO) Methicillin-Resistant Staphylococcus Aureus Bloodstream Infections (MRSA BSI)
"HOAG MEMORIAL HOSP PRESBYTERIAN, INC",4,120585,0.41,0.11,1.06,N,Acute Care Hospitals,Hospital-Onset (HO) Methicillin-Resistant Staphylococcus Aureus Bloodstream Infections (MRSA BSI)
"HOAG HOSPITAL, IRVINE",,,,,,,Acute Care Hospitals,Hospital-Onset (HO) Methicillin-Resistant Staphylococcus Aureus Bloodstream Infections (MRSA BSI)
"HOAG MEMORIAL HOSP PRESBYTERIAN, NEWPORT BEACH",,,,,,,Acute Care Hospitals,Hospital-Onset (HO) Methicillin-Resistant Staphylococcus Aureus Bloodstream Infections (MRSA BSI)
HOAG ORTHOPEDIC HOSPITAL,0,9526,,,,N,Acute Care Hospitals,Hospital-Onset (HO) Methicillin-Resistant Staphylococcus Aureus Bloodstream Infections (MRSA BSI)
HOLLYWOOD COMMUNITY HOSP OF HOLLYWOOD,1,17203,,,,N,Acute Care Hospitals,Hospital-Onset (HO) Methicillin-Resistant Staphylococcus Aureus Bloodstream Infections (MRSA BSI)
"HOLLYWOOD PRESBYTERIAN MED CTR, LOS ANGELES",5,73239,1.00,0.32,2.34,N,Acute Care Hospitals,Hospital-Onset (HO) Methicillin-Resistant Staphylococcus Aureus Bloodstream Infections (MRSA BSI)
HOSPITAL COMMITTEE AREA LIVERMORE PLEASANTON,2,34233,1.28,0.15,4.62,N,Acute Care Hospitals,Hospital-Onset (HO) Methicillin-Resistant Staphylococcus Aureus Bloodstream Infections (MRSA BSI)
"VALLEYCARE MEDICAL CENTER, PLEASANTON",,,,,,,Acute Care Hospitals,Hospital-Onset (HO) Methicillin-Resistant Staphylococcus Aureus Bloodstream Infections (MRSA BSI)
"VALLEY MEMORIAL HOSPITAL, LIVERMORE",,,,,,,Acute Care Hospitals,Hospital-Onset (HO) Methicillin-Resistant Staphylococcus Aureus Bloodstream Infections (MRSA BSI)
HUNTINGTON BEACH HOSP,0,17775,0.00,0.00,2.95,N,Acute Care Hospitals,Hospital-Onset (HO) Methicillin-Resistant Staphylococcus Aureus Bloodstream Infections (MRSA BSI)
"HUNTINGTON MEMORIAL HOSP, PASADENA",1,127956,0.13,0.00,0.74,L,Acute Care Hospitals,Hospital-Onset (HO) Methicillin-Resistant Staphylococcus Aureus Bloodstream Infections (MRSA BSI)
"JEROLD PHELPS COMMUNITY HOSP, GARBERVILLE",0,74,,,,N,Acute Care Hospitals,Hospital-Onset (HO) Methicillin-Resistant Staphylococcus Aureus Bloodstream Infections (MRSA BSI)
"JOHN C. FREMONT HEALTHCARE DISTRICT, MARIPOSA",0,9896,,,,N,Acute Care Hospitals,Hospital-Onset (HO) Methicillin-Resistant Staphylococcus Aureus Bloodstream Infections (MRSA BSI)
"JOHN D KLARICH MEMORIAL HOSP, CSP-CORCORAN",0,23991,,,,N,Acute Care Hospitals,Hospital-Onset (HO) Methicillin-Resistant Staphylococcus Aureus Bloodstream Infections (MRSA BSI)
"JOHN F. KENNEDY MEMORIAL HOSP, INDIO",1,28335,0.70,0.02,3.92,N,Acute Care Hospitals,Hospital-Onset (HO) Methicillin-Resistant Staphylococcus Aureus Bloodstream Infections (MRSA BSI)
"JOHN MUIR MED CTR, CONCORD",0,44756,0.00,0.00,1.68,N,Acute Care Hospitals,Hospital-Onset (HO) Methicillin-Resistant Staphylococcus Aureus Bloodstream Infections (MRSA BSI)
"JOHN MUIR MED CTR, WALNUT CREEK",3,87802,0.73,0.15,2.13,N,Acute Care Hospitals,Hospital-Onset (HO) Methicillin-Resistant Staphylococcus Aureus Bloodstream Infections (MRSA BSI)
"KAISER FOUNDATION HOSP, ANTIOCH",2,32330,1.43,0.17,5.15,N,Acute Care Hospitals,Hospital-Onset (HO) Methicillin-Resistant Staphylococcus Aureus Bloodstream Infections (MRSA BSI)
"KAISER FOUNDATION HOSP, BALDWIN PARK",0,49458,0.00,0.00,1.90,N,Acute Care Hospitals,Hospital-Onset (HO) Methicillin-Resistant Staphylococcus Aureus Bloodstream Infections (MRSA BSI)
"KAISER FOUNDATION HOSP-DOWNEY, BELLFLOWER",3,70747,1.03,0.21,3.00,N,Acute Care Hospitals,Hospital-Onset (HO) Methicillin-Resistant Staphylococcus Aureus Bloodstream Infections (MRSA BSI)
"KAISER FOUNDATION HOSP, FRESNO",0,26887,0.00,0.00,2.51,N,Acute Care Hospitals,Hospital-Onset (HO) Methicillin-Resistant Staphylococcus Aureus Bloodstream Infections (MRSA BSI)
"KAISER FOUNDATION HOSP, LOS ANGELES",6,116332,1.01,0.37,2.19,N,Acute Care Hospitals,Hospital-Onset (HO) Methicillin-Resistant Staphylococcus Aureus Bloodstream Infections (MRSA BSI)
"KAISER FOUNDATION HOSP, MORENO VALLEY",0,12854,,,,N,Acute Care Hospitals,Hospital-Onset (HO) Methicillin-Resistant Staphylococcus Aureus Bloodstream Infections (MRSA BSI)
"KAISER FOUNDATION HOSP, PANORAMA CITY",1,47681,0.44,0.01,2.46,N,Acute Care Hospitals,Hospital-Onset (HO) Methicillin-Resistant Staphylococcus Aureus Bloodstream Infections (MRSA BSI)
"KAISER FOUNDATION HOSP, REDWOOD CITY",0,33105,0.00,0.00,2.85,N,Acute Care Hospitals,Hospital-Onset (HO) Methicillin-Resistant Staphylococcus Aureus Bloodstream Infections (MRSA BSI)
"KAISER FOUNDATION HOSP, RIVERSIDE",2,46012,1.01,0.12,3.65,N,Acute Care Hospitals,Hospital-Onset (HO) Methicillin-Resistant Staphylococcus Aureus Bloodstream Infections (MRSA BSI)
"KAISER FOUNDATION HOSP, ROSEVILLE",0,77381,0.00,0.00,1.14,N,Acute Care Hospitals,Hospital-Onset (HO) Methicillin-Resistant Staphylococcus Aureus Bloodstream Infections (MRSA BSI)
"KAISER FOUNDATION HOSP, SACRAMENTO",3,42737,1.27,0.26,3.71,N,Acute Care Hospitals,Hospital-Onset (HO) Methicillin-Resistant Staphylococcus Aureus Bloodstream Infections (MRSA BSI)
"KAISER FOUNDATION HOSP, SAN DIEGO",5,117735,0.74,0.24,1.72,N,Acute Care Hospitals,Hospital-Onset (HO) Methicillin-Resistant Staphylococcus Aureus Bloodstream Infections (MRSA BSI)
"KAISER FOUNDATION HOSP, SAN FRANCISCO",0,61991,0.00,0.00,1.04,N,Acute Care Hospitals,Hospital-Onset (HO) Methicillin-Resistant Staphylococcus Aureus Bloodstream Infections (MRSA BSI)
KAISER FOUNDATION HOSP-SAN JOSE,3,50469,1.22,0.25,3.57,N,Acute Care Hospitals,Hospital-Onset (HO) Methicillin-Resistant Staphylococcus Aureus Bloodstream Infections (MRSA BSI)
"KAISER FOUNDATION HOSP, SAN RAFAEL",0,21810,,,,N,Acute Care Hospitals,Hospital-Onset (HO) Methicillin-Resistant Staphylococcus Aureus Bloodstream Infections (MRSA BSI)
KAISER FOUNDATION HOSP-SANTA CLARA,2,113975,0.46,0.06,1.67,N,Acute Care Hospitals,Hospital-Onset (HO) Methicillin-Resistant Staphylococcus Aureus Bloodstream Infections (MRSA BSI)
"KAISER FOUNDATION HOSP, SANTA ROSA",0,32557,0.00,0.00,3.16,N,Acute Care Hospitals,Hospital-Onset (HO) Methicillin-Resistant Staphylococcus Aureus Bloodstream Infections (MRSA BSI)
"KAISER FOUNDATION HOSP SOUTH BAY, HARBOR CITY",2,53847,0.85,0.10,3.05,N,Acute Care Hospitals,Hospital-Onset (HO) Methicillin-Resistant Staphylococcus Aureus Bloodstream Infections (MRSA BSI)
KAISER FOUNDATION HOSP-SOUTH SACRAMENTO,0,48736,0.00,0.00,1.88,N,Acute Care Hospitals,Hospital-Onset (HO) Methicillin-Resistant Staphylococcus Aureus Bloodstream Infections (MRSA BSI)
"KAISER FOUNDATION HOSP, SOUTH SAN FRANCISCO",0,23970,,,,N,Acute Care Hospitals,Hospital-Onset (HO) Methicillin-Resistant Staphylococcus Aureus Bloodstream Infections (MRSA BSI)
"KAISER FOUNDATION HOSP, VACAVILLE",2,14461,,,,N,Acute Care Hospitals,Hospital-Onset (HO) Methicillin-Resistant Staphylococcus Aureus Bloodstream Infections (MRSA BSI)
"KAISER FOUNDATION HOSP & REHAB. CTR, VALLEJO",1,52556,0.42,0.01,2.36,N,Acute Care Hospitals,Hospital-Onset (HO) Methicillin-Resistant Staphylococcus Aureus Bloodstream Infections (MRSA BSI)
KAISER FOUNDATION HOSP-WALNUT CREEK,1,67139,0.42,0.01,2.32,N,Acute Care Hospitals,Hospital-Onset (HO) Methicillin-Resistant Staphylococcus Aureus Bloodstream Infections (MRSA BSI)
"KAISER FOUNDATION HOSP-WEST LA, LOS ANGELES",3,48008,1.43,0.29,4.16,N,Acute Care Hospitals,Hospital-Onset (HO) Methicillin-Resistant Staphylococcus Aureus Bloodstream Infections (MRSA BSI)
"KAISER FOUNDATION HOSP, WOODLAND HILLS",0,45597,0.00,0.00,2.07,N,Acute Care Hospitals,Hospital-Onset (HO) Methicillin-Resistant Staphylococcus Aureus Bloodstream Infections (MRSA BSI)
KAISER FOUNDATION HOSPS,2,53222,0.99,0.12,3.56,N,Acute Care Hospitals,Hospital-Onset (HO) Methicillin-Resistant Staphylococcus Aureus Bloodstream Infections (MRSA BSI)
KAISER FOUNDATION HOSP-ANAHEIM MEDICAL CENTER,,,,,,,Acute Care Hospitals,Hospital-Onset (HO) Methicillin-Resistant Staphylococcus Aureus Bloodstream Infections (MRSA BSI)
KAISER FOUNDATION HOSP-LAKEVIEW MEDICAL CENTER,,,,,,,Acute Care Hospitals,Hospital-Onset (HO) Methicillin-Resistant Staphylococcus Aureus Bloodstream Infections (MRSA BSI)
KAISER FOUNDATION HOSPS,,,,,,,Acute Care Hospitals,Hospital-Onset (HO) Methicillin-Resistant Staphylococcus Aureus Bloodstream Infections (MRSA BSI)
"KAISER FOUNDATION HOSP, IRVINE",1,49445,0.55,0.01,3.04,N,Acute Care Hospitals,Hospital-Onset (HO) Methicillin-Resistant Staphylococcus Aureus Bloodstream Infections (MRSA BSI)
"KAISER FOUNDATION HOSP, FONTANA",1,81373,0.33,0.01,1.81,N,Acute Care Hospitals,Hospital-Onset (HO) Methicillin-Resistant Staphylococcus Aureus Bloodstream Infections (MRSA BSI)
"KAISER FOUNDATION HOSP, ONTARIO",0,37845,0.00,0.00,2.63,N,Acute Care Hospitals,Hospital-Onset (HO) Methicillin-Resistant Staphylococcus Aureus Bloodstream Infections (MRSA BSI)
KAISER FOUNDATION HOSPS,1,55472,0.40,0.01,2.25,N,Acute Care Hospitals,Hospital-Onset (HO) Methicillin-Resistant Staphylococcus Aureus Bloodstream Infections (MRSA BSI)
"KAISER FOUNDATION HOSP, FREMONT",,,,,,,Acute Care Hospitals,Hospital-Onset (HO) Methicillin-Resistant Staphylococcus Aureus Bloodstream Infections (MRSA BSI)
"KAISER FOUNDATION HOSP, HAYWARD/FREMONT",,,,,,,Acute Care Hospitals,Hospital-Onset (HO) Methicillin-Resistant Staphylococcus Aureus Bloodstream Infections (MRSA BSI)
KAISER FOUNDATION HOSPS,0,29452,0.00,0.00,3.41,N,Acute Care Hospitals,Hospital-Onset (HO) Methicillin-Resistant Staphylococcus Aureus Bloodstream Infections (MRSA BSI)
"KAISER FOUNDATION HOSP, MODESTO",,,,,,,Acute Care Hospitals,Hospital-Onset (HO) Methicillin-Resistant Staphylococcus Aureus Bloodstream Infections (MRSA BSI)
"KAISER FOUNDATION HOSP, MANTECA",,,,,,,Acute Care Hospitals,Hospital-Onset (HO) Methicillin-Resistant Staphylococcus Aureus Bloodstream Infections (MRSA BSI)
KAISER FOUNDATION HOSPS,2,72871,0.71,0.08,2.55,N,Acute Care Hospitals,Hospital-Onset (HO) Methicillin-Resistant Staphylococcus Aureus Bloodstream Infections (MRSA BSI)
"KAISER FOUNDATION HOSP, OAKLAND/RICHMOND",,,,,,,Acute Care Hospitals,Hospital-Onset (HO) Methicillin-Resistant Staphylococcus Aureus Bloodstream Infections (MRSA BSI)
"KAISER FOUNDATION HOSP, RICHMOND CAMPUS",,,,,,,Acute Care Hospitals,Hospital-Onset (HO) Methicillin-Resistant Staphylococcus Aureus Bloodstream Infections (MRSA BSI)
"KAWEAH DELTA MED CTR, VISALIA",5,116521,0.70,0.23,1.64,N,Acute Care Hospitals,Hospital-Onset (HO) Methicillin-Resistant Staphylococcus Aureus Bloodstream Infections (MRSA BSI)
"KECK HOSP OF USC, LOS ANGELES",9,81046,1.42,0.65,2.70,N,Acute Care Hospitals,Hospital-Onset (HO) Methicillin-Resistant Staphylococcus Aureus Bloodstream Infections (MRSA BSI)
"KERN MED CTR, BAKERSFIELD",9,54199,2.48,1.13,4.70,N,Acute Care Hospitals,Hospital-Onset (HO) Methicillin-Resistant Staphylococcus Aureus Bloodstream Infections (MRSA BSI)
"KERN VALLEY HEALTHCARE DISTRICT, LAKE ISABELLA",0,3027,,,,N,Acute Care Hospitals,Hospital-Onset (HO) Methicillin-Resistant Staphylococcus Aureus Bloodstream Infections (MRSA BSI)
LA PALMA INTERCOMMUNITY HOSP,5,18471,,,,N,Acute Care Hospitals,Hospital-Onset (HO) Methicillin-Resistant Staphylococcus Aureus Bloodstream Infections (MRSA BSI)
"LAC+USC MED CTR, LOS ANGELES",23,182349,1.09,0.69,1.64,N,Acute Care Hospitals,Hospital-Onset (HO) Methicillin-Resistant Staphylococcus Aureus Bloodstream Infections (MRSA BSI)
"LAC/HARBOR-UCLA MED CTR, TORRANCE",5,101015,0.51,0.16,1.19,N,Acute Care Hospitals,Hospital-Onset (HO) Methicillin-Resistant Staphylococcus Aureus Bloodstream Infections (MRSA BSI)
"LAGUNA HONDA HOSP & REHAB CTR, SAN FRANCISCO",0,1667,,,,N,Acute Care Hospitals,Hospital-Onset (HO) Methicillin-Resistant Staphylococcus Aureus Bloodstream Infections (MRSA BSI)
LAKEWOOD REGIONAL MED CTR,3,35407,1.51,0.31,4.42,N,Acute Care Hospitals,Hospital-Onset (HO) Methicillin-Resistant Staphylococcus Aureus Bloodstream Infections (MRSA BSI)
"LANTERMAN DEVELOPMENTAL CTR, POMONA",0,486,,,,N,Acute Care Hospitals,Hospital-Onset (HO) Methicillin-Resistant Staphylococcus Aureus Bloodstream Infections (MRSA BSI)
"LODI MEMORIAL HOSP ASSOCIATION, INC.",0,29874,0.00,0.00,3.45,N,Acute Care Hospitals,Hospital-Onset (HO) Methicillin-Resistant Staphylococcus Aureus Bloodstream Infections (MRSA BSI)
LODI MEMORIAL HOSP,(1RH),,,,,,Acute Care Hospitals,Hospital-Onset (HO) Methicillin-Resistant Staphylococcus Aureus Bloodstream Infections (MRSA BSI)
LODI MEMORIAL HOSP-WEST,,,,,,,Acute Care Hospitals,Hospital-Onset (HO) Methicillin-Resistant Staphylococcus Aureus Bloodstream Infections (MRSA BSI)
LOMA LINDA UNIVERSITY MED CTR,14,210152,0.82,0.45,1.38,N,Acute Care Hospitals,Hospital-Onset (HO) Methicillin-Resistant Staphylococcus Aureus Bloodstream Infections (MRSA BSI)
"LOMA LINDA UNIV HEART & SURGICAL HOSP, REDLANDS",,,,,,,Acute Care Hospitals,Hospital-Onset (HO) Methicillin-Resistant Staphylococcus Aureus Bloodstream Infections (MRSA BSI)
"LOMA LINDA UNIV MED CTR EAST HOSP, LOMA LINDA",,,,,,,Acute Care Hospitals,Hospital-Onset (HO) Methicillin-Resistant Staphylococcus Aureus Bloodstream Infections (MRSA BSI)
"LOMA LINDA UNIV MED CTR, LOMA LINDA",,,,,,,Acute Care Hospitals,Hospital-Onset (HO) Methicillin-Resistant Staphylococcus Aureus Bloodstream Infections (MRSA BSI)
LOMA LINDA UNIVERSITY MEDICAL CENTER - MURRIETA,1,24824,,,,N,Acute Care Hospitals,Hospital-Onset (HO) Methicillin-Resistant Staphylococcus Aureus Bloodstream Infections (MRSA BSI)
LOMPOC VALLEY MED CTR,0,9713,,,,N,Acute Care Hospitals,Hospital-Onset (HO) Methicillin-Resistant Staphylococcus Aureus Bloodstream Infections (MRSA BSI)
"LONG BEACH MEMORIAL MED CTR, LONG BEACH",9,100889,1.01,0.46,1.91,N,Acute Care Hospitals,Hospital-Onset (HO) Methicillin-Resistant Staphylococcus Aureus Bloodstream Infections (MRSA BSI)
LOS ALAMITOS MED CTR,5,45773,2.48,0.81,5.80,N,Acute Care Hospitals,Hospital-Onset (HO) Methicillin-Resistant Staphylococcus Aureus Bloodstream Infections (MRSA BSI)
"LOS ANGELES CO OLIVE VIEW-UCLA MED CTR, SYLMAR",2,69726,0.49,0.06,1.77,N,Acute Care Hospitals,Hospital-Onset (HO) Methicillin-Resistant Staphylococcus Aureus Bloodstream Infections (MRSA BSI)
LOS ANGELES METROPOLITAN MED CTR,0,39648,0.00,0.00,2.60,N,Acute Care Hospitals,Hospital-Onset (HO) Methicillin-Resistant Staphylococcus Aureus Bloodstream Infections (MRSA BSI)
LOS ROBLES REGIONAL MED CTR,5,80848,1.63,0.53,3.80,N,Acute Care Hospitals,Hospital-Onset (HO) Methicillin-Resistant Staphylococcus Aureus Bloodstream Infections (MRSA BSI)
"LOS ROBLES HOSP & MED CTR, E , THOUSAND OAKS",,,,,,,Acute Care Hospitals,Hospital-Onset (HO) Methicillin-Resistant Staphylococcus Aureus Bloodstream Infections (MRSA BSI)
"LOS ROBLES HOSP & MED CTR, THOUSAND OAKS",,,,,,,Acute Care Hospitals,Hospital-Onset (HO) Methicillin-Resistant Staphylococcus Aureus Bloodstream Infections (MRSA BSI)
THOUSAND OAKS SURGICAL HOSP,,,,,,,Acute Care Hospitals,Hospital-Onset (HO) Methicillin-Resistant Staphylococcus Aureus Bloodstream Infections (MRSA BSI)
"LUCILE SALTER PACKARD CHILDREN'S HOSP AT STANFORD, PALO ALTO",3,108205,0.54,0.11,1.59,N,Acute Care Hospitals,Hospital-Onset (HO) Methicillin-Resistant Staphylococcus Aureus Bloodstream Infections (MRSA BSI)
"MAD RIVER COMMUNITY HOSP, ARCATA",0,10750,,,,N,Acute Care Hospitals,Hospital-Onset (HO) Methicillin-Resistant Staphylococcus Aureus Bloodstream Infections (MRSA BSI)
MADERA COMMUNITY HOSP,2,24502,,,,N,Acute Care Hospitals,Hospital-Onset (HO) Methicillin-Resistant Staphylococcus Aureus Bloodstream Infections (MRSA BSI)
MAMMOTH HOSP,0,1640,,,,N,Acute Care Hospitals,Hospital-Onset (HO) Methicillin-Resistant Staphylococcus Aureus Bloodstream Infections (MRSA BSI)
MARIAN REGIONAL MEDICAL CENTER,,,,,,,Acute Care Hospitals,Hospital-Onset (HO) Methicillin-Resistant Staphylococcus Aureus Bloodstream Infections (MRSA BSI)
MARIAN REGIONAL MEDICAL CENTER,1,42015,0.57,0.01,3.16,N,Acute Care Hospitals,Hospital-Onset (HO) Methicillin-Resistant Staphylococcus Aureus Bloodstream Infections (MRSA BSI)
"MARIAN REGIONAL MEDICAL CENTER, ARROYO GRANDE",1,8111,,,,N,Acute Care Hospitals,Hospital-Onset (HO) Methicillin-Resistant Staphylococcus Aureus Bloodstream Infections (MRSA BSI)
"MARIN GENERAL HOSP, GREENBRAE",1,45892,0.55,0.01,3.07,N,Acute Care Hospitals,Hospital-Onset (HO) Methicillin-Resistant Staphylococcus Aureus Bloodstream Infections (MRSA BSI)
MARINA DEL REY HOSP,1,15785,,,,N,Acute Care Hospitals,Hospital-Onset (HO) Methicillin-Resistant Staphylococcus Aureus Bloodstream Infections (MRSA BSI)
"MARK TWAIN MEDICAL CENTER, SAN ANDREAS",0,4566,,,,N,Acute Care Hospitals,Hospital-Onset (HO) Methicillin-Resistant Staphylococcus Aureus Bloodstream Infections (MRSA BSI)
"MARSHALL MED CTR (1-RH), PLACERVILLE",0,21864,,,,N,Acute Care Hospitals,Hospital-Onset (HO) Methicillin-Resistant Staphylococcus Aureus Bloodstream Infections (MRSA BSI)
"MAYERS MEMORIAL HOSP, FALL RIVER MILLS",0,1846,,,,N,Acute Care Hospitals,Hospital-Onset (HO) Methicillin-Resistant Staphylococcus Aureus Bloodstream Infections (MRSA BSI)
MEMORIAL HOSP LOS BANOS,0,5044,,,,N,Acute Care Hospitals,Hospital-Onset (HO) Methicillin-Resistant Staphylococcus Aureus Bloodstream Infections (MRSA BSI)
MEMORIAL HOSP OF GARDENA,2,29298,1.12,0.13,4.04,N,Acute Care Hospitals,Hospital-Onset (HO) Methicillin-Resistant Staphylococcus Aureus Bloodstream Infections (MRSA BSI)
"MEMORIAL MED CTR, MODESTO",4,100444,0.60,0.16,1.54,N,Acute Care Hospitals,Hospital-Onset (HO) Methicillin-Resistant Staphylococcus Aureus Bloodstream Infections (MRSA BSI)
"MENDOCINO COAST DISTRICT HOSP, FORT BRAGG",1,5889,,,,N,Acute Care Hospitals,Hospital-Onset (HO) Methicillin-Resistant Staphylococcus Aureus Bloodstream Infections (MRSA BSI)
"¶ MENIFEE VALLEY MED CTR, SUN CITY",0,6337,,,,,Acute Care Hospitals,Hospital-Onset (HO) Methicillin-Resistant Staphylococcus Aureus Bloodstream Infections (MRSA BSI)
MENLO PARK SURGICAL HOSP,0,377,,,,N,Acute Care Hospitals,Hospital-Onset (HO) Methicillin-Resistant Staphylococcus Aureus Bloodstream Infections (MRSA BSI)
"MERCY GENERAL HOSP, SACRAMENTO",1,77223,0.29,0.01,1.62,N,Acute Care Hospitals,Hospital-Onset (HO) Methicillin-Resistant Staphylococcus Aureus Bloodstream Infections (MRSA BSI)
MERCY HOSP OF FOLSOM,0,20690,,,,N,Acute Care Hospitals,Hospital-Onset (HO) Methicillin-Resistant Staphylococcus Aureus Bloodstream Infections (MRSA BSI)
MERCY MED CTR MERCED,5,47752,1.83,0.59,4.28,N,Acute Care Hospitals,Hospital-Onset (HO) Methicillin-Resistant Staphylococcus Aureus Bloodstream Infections (MRSA BSI)
MERCY MED CTR MT. SHASTA,0,2999,,,,N,Acute Care Hospitals,Hospital-Onset (HO) Methicillin-Resistant Staphylococcus Aureus Bloodstream Infections (MRSA BSI)
MERCY MED CTR REDDING,9,57735,3.24,1.48,6.14,N,Acute Care Hospitals,Hospital-Onset (HO) Methicillin-Resistant Staphylococcus Aureus Bloodstream Infections (MRSA BSI)
"MERCY SAN JUAN MED CTR, CARMICHAEL",4,90877,0.78,0.21,1.99,N,Acute Care Hospitals,Hospital-Onset (HO) Methicillin-Resistant Staphylococcus Aureus Bloodstream Infections (MRSA BSI)
METHODIST HOSP OF SACRAMENTO,3,36099,2.02,0.42,5.91,N,Acute Care Hospitals,Hospital-Onset (HO) Methicillin-Resistant Staphylococcus Aureus Bloodstream Infections (MRSA BSI)
"METHODIST HOSP OF SOUTHERN CA, ARCADIA",9,74374,2.20,1.01,4.18,N,Acute Care Hospitals,Hospital-Onset (HO) Methicillin-Resistant Staphylococcus Aureus Bloodstream Infections (MRSA BSI)
MILLS-PENINSULA HEALTH SERVICES,1,48258,0.45,0.01,2.53,N,Acute Care Hospitals,Hospital-Onset (HO) Methicillin-Resistant Staphylococcus Aureus Bloodstream Infections (MRSA BSI)
"MILLS HEALTH CTR, SAN MATEO",,,,,,,Acute Care Hospitals,Hospital-Onset (HO) Methicillin-Resistant Staphylococcus Aureus Bloodstream Infections (MRSA BSI)
"MILLS-PENINSULA MED CTR, BURLINGAME",,,,,,,Acute Care Hospitals,Hospital-Onset (HO) Methicillin-Resistant Staphylococcus Aureus Bloodstream Infections (MRSA BSI)
"MIRACLE MILE MED CTR, LOS ANGELES",0,660,,,,N,Acute Care Hospitals,Hospital-Onset (HO) Methicillin-Resistant Staphylococcus Aureus Bloodstream Infections (MRSA BSI)
"MISSION COMMUNITY HOSP, PANORAMA",3,37313,1.52,0.31,4.44,N,Acute Care Hospitals,Hospital-Onset (HO) Methicillin-Resistant Staphylococcus Aureus Bloodstream Infections (MRSA BSI)
MISSION HOSP REGIONAL MED CTR,,,,,,,Acute Care Hospitals,Hospital-Onset (HO) Methicillin-Resistant Staphylococcus Aureus Bloodstream Infections (MRSA BSI)
MISSION HOSP LAGUNA BEACH,0,20202,,,,N,Acute Care Hospitals,Hospital-Onset (HO) Methicillin-Resistant Staphylococcus Aureus Bloodstream Infections (MRSA BSI)
"MISSION HOSP REGIONAL MED CTR, MISSION VIEJO",1,74457,0.32,0.01,1.78,N,Acute Care Hospitals,Hospital-Onset (HO) Methicillin-Resistant Staphylococcus Aureus Bloodstream Infections (MRSA BSI)
"MODOC MED CTR, ALTURAS",0,502,,,,N,Acute Care Hospitals,Hospital-Onset (HO) Methicillin-Resistant Staphylococcus Aureus Bloodstream Infections (MRSA BSI)
MONTCLAIR HOSP MED CTR,0,14685,,,,N,Acute Care Hospitals,Hospital-Onset (HO) Methicillin-Resistant Staphylococcus Aureus Bloodstream Infections (MRSA BSI)
MONTEREY PARK HOSP,1,16776,,,,N,Acute Care Hospitals,Hospital-Onset (HO) Methicillin-Resistant Staphylococcus Aureus Bloodstream Infections (MRSA BSI)
"MOTION PICTURE & TELEVISION HOSP, WOODLAND HILLS",0,823,,,,N,Acute Care Hospitals,Hospital-Onset (HO) Methicillin-Resistant Staphylococcus Aureus Bloodstream Infections (MRSA BSI)
"MOUNTAINS COMMUNITY HOSP, LAKE ARROWHEAD",0,989,,,,N,Acute Care Hospitals,Hospital-Onset (HO) Methicillin-Resistant Staphylococcus Aureus Bloodstream Infections (MRSA BSI)
"NATIVIDAD MED CTR, SALINAS",0,39442,0.00,0.00,2.35,N,Acute Care Hospitals,Hospital-Onset (HO) Methicillin-Resistant Staphylococcus Aureus Bloodstream Infections (MRSA BSI)
NORTHBAY HEALTHCARE GROUP,,,,,,,Acute Care Hospitals,Hospital-Onset (HO) Methicillin-Resistant Staphylococcus Aureus Bloodstream Infections (MRSA BSI)
"NORTHBAY MED CTR, FAIRFIELD",0,29320,0.00,0.00,3.01,N,Acute Care Hospitals,Hospital-Onset (HO) Methicillin-Resistant Staphylococcus Aureus Bloodstream Infections (MRSA BSI)
"NORTHBAY VACAVALLEY HOSP, VACAVILLE",0,10617,,,,N,Acute Care Hospitals,Hospital-Onset (HO) Methicillin-Resistant Staphylococcus Aureus Bloodstream Infections (MRSA BSI)
"NORTHERN INYO HOSP, BISHOP",0,2835,,,,N,Acute Care Hospitals,Hospital-Onset (HO) Methicillin-Resistant Staphylococcus Aureus Bloodstream Infections (MRSA BSI)
NORTHRIDGE HOSP MED CTR,5,73216,0.88,0.29,2.05,N,Acute Care Hospitals,Hospital-Onset (HO) Methicillin-Resistant Staphylococcus Aureus Bloodstream Infections (MRSA BSI)
NOVATO COMMUNITY HOSP,0,5597,,,,N,Acute Care Hospitals,Hospital-Onset (HO) Methicillin-Resistant Staphylococcus Aureus Bloodstream Infections (MRSA BSI)
"O'CONNOR HOSP, SAN JOSE",5,43168,1.59,0.52,3.71,N,Acute Care Hospitals,Hospital-Onset (HO) Methicillin-Resistant Staphylococcus Aureus Bloodstream Infections (MRSA BSI)
"OAK VALLEY HOSP DISTRICT (2-RH), OAKDALE",0,4941,,,,N,Acute Care Hospitals,Hospital-Onset (HO) Methicillin-Resistant Staphylococcus Aureus Bloodstream Infections (MRSA BSI)
"¶ OJAI VALLEY COMMUNITY HOSP, OJAI",0,1283,,,,,Acute Care Hospitals,Hospital-Onset (HO) Methicillin-Resistant Staphylococcus Aureus Bloodstream Infections (MRSA BSI)
"OLYMPIA MED CTR, LOS ANGELES",0,30068,0.00,0.00,3.29,N,Acute Care Hospitals,Hospital-Onset (HO) Methicillin-Resistant Staphylococcus Aureus Bloodstream Infections (MRSA BSI)
"ORANGE COAST MEMORIAL MED CTR, FOUNTAIN VALLEY",0,49817,0.00,0.00,2.07,N,Acute Care Hospitals,Hospital-Onset (HO) Methicillin-Resistant Staphylococcus Aureus Bloodstream Infections (MRSA BSI)
OROVILLE HOSP,1,41837,0.45,0.01,2.51,N,Acute Care Hospitals,Hospital-Onset (HO) Methicillin-Resistant Staphylococcus Aureus Bloodstream Infections (MRSA BSI)
PACIFIC ALLIANCE MED CTR,0,30992,0.00,0.00,2.79,N,Acute Care Hospitals,Hospital-Onset (HO) Methicillin-Resistant Staphylococcus Aureus Bloodstream Infections (MRSA BSI)
PACIFIC HOSP OF LONG BEACH,0,43739,0.00,0.00,2.35,N,Acute Care Hospitals,Hospital-Onset (HO) Methicillin-Resistant Staphylococcus Aureus Bloodstream Infections (MRSA BSI)
"PACIFICA HOSP OF THE VALLEY, SUN VALLEY",2,25988,1.81,0.22,6.54,N,Acute Care Hospitals,Hospital-Onset (HO) Methicillin-Resistant Staphylococcus Aureus Bloodstream Infections (MRSA BSI)
"PALM DRIVE HOSP, SEBASTOPOL",0,4346,,,,N,Acute Care Hospitals,Hospital-Onset (HO) Methicillin-Resistant Staphylococcus Aureus Bloodstream Infections (MRSA BSI)
PALMDALE REGIONAL MEDICAL CTR,1,34753,0.64,0.02,3.59,N,Acute Care Hospitals,Hospital-Onset (HO) Methicillin-Resistant Staphylococcus Aureus Bloodstream Infections (MRSA BSI)
"PALO VERDE HOSP, BLYTHE",0,4085,,,,N,Acute Care Hospitals,Hospital-Onset (HO) Methicillin-Resistant Staphylococcus Aureus Bloodstream Infections (MRSA BSI)
PALOMAR HEALTH,4,92107,1.04,0.28,2.66,N,Acute Care Hospitals,Hospital-Onset (HO) Methicillin-Resistant Staphylococcus Aureus Bloodstream Infections (MRSA BSI)
"PALOMAR HEALTH DOWNTOWN CAMPUS, ESCONDIDO",,,,,,,Acute Care Hospitals,Hospital-Onset (HO) Methicillin-Resistant Staphylococcus Aureus Bloodstream Infections (MRSA BSI)
"PALOMAR MED CTR, ESCONDIDO",,,,,,,Acute Care Hospitals,Hospital-Onset (HO) Methicillin-Resistant Staphylococcus Aureus Bloodstream Infections (MRSA BSI)
"PARADISE VALLEY HOSP, NATIONAL CITY",4,53899,1.61,0.44,4.13,N,Acute Care Hospitals,Hospital-Onset (HO) Methicillin-Resistant Staphylococcus Aureus Bloodstream Infections (MRSA BSI)
"PARKVIEW COMMUNITY HOSP MED CTR, RIVERSIDE",2,45384,0.81,0.10,2.92,N,Acute Care Hospitals,Hospital-Onset (HO) Methicillin-Resistant Staphylococcus Aureus Bloodstream Infections (MRSA BSI)
PATIENTS' HOSP OF REDDING,0,499,,,,N,Acute Care Hospitals,Hospital-Onset (HO) Methicillin-Resistant Staphylococcus Aureus Bloodstream Infections (MRSA BSI)
"PETALUMA VALLEY HOSP, PETALUMA",1,10037,,,,N,Acute Care Hospitals,Hospital-Onset (HO) Methicillin-Resistant Staphylococcus Aureus Bloodstream Infections (MRSA BSI)
"PIONEERS MEMORIAL HEALTHCARE DISTRICT, BRAWLEY",1,20444,,,,N,Acute Care Hospitals,Hospital-Onset (HO) Methicillin-Resistant Staphylococcus Aureus Bloodstream Infections (MRSA BSI)
PLACENTIA LINDA HOSP,0,14971,,,,N,Acute Care Hospitals,Hospital-Onset (HO) Methicillin-Resistant Staphylococcus Aureus Bloodstream Infections (MRSA BSI)
"PLUMAS DISTRICT HOSP, QUINCY",0,1670,,,,N,Acute Care Hospitals,Hospital-Onset (HO) Methicillin-Resistant Staphylococcus Aureus Bloodstream Infections (MRSA BSI)
"POMERADO HOSP, POWAY",0,28439,0.00,0.00,3.20,N,Acute Care Hospitals,Hospital-Onset (HO) Methicillin-Resistant Staphylococcus Aureus Bloodstream Infections (MRSA BSI)
"POMONA VALLEY HOSP MED CTR, POMONA",11,114367,1.32,0.66,2.36,N,Acute Care Hospitals,Hospital-Onset (HO) Methicillin-Resistant Staphylococcus Aureus Bloodstream Infections (MRSA BSI)
PORTERVILLE DEVELOPMENTAL CTR,0,1589,,,,N,Acute Care Hospitals,Hospital-Onset (HO) Methicillin-Resistant Staphylococcus Aureus Bloodstream Infections (MRSA BSI)
"PRESBYTERIAN INTERCOMMUNITY HOSP, WHITTIER",3,70867,0.82,0.17,2.38,N,Acute Care Hospitals,Hospital-Onset (HO) Methicillin-Resistant Staphylococcus Aureus Bloodstream Infections (MRSA BSI)
"PROVIDENCE HOLY CROSS MED CTR, MISSION HILLS",8,97747,1.56,0.67,3.08,N,Acute Care Hospitals,Hospital-Onset (HO) Methicillin-Resistant Staphylococcus Aureus Bloodstream Infections (MRSA BSI)
"PROVIDENCE LITTLE COMPANY OF MARY MED CTR, SAN PEDRO",2,31898,0.80,0.10,2.90,N,Acute Care Hospitals,Hospital-Onset (HO) Methicillin-Resistant Staphylococcus Aureus Bloodstream Infections (MRSA BSI)
"PROVIDENCE LITTLE COMPANY OF MARY MED CTR, TORRANCE",0,73351,0.00,0.00,1.12,N,Acute Care Hospitals,Hospital-Onset (HO) Methicillin-Resistant Staphylococcus Aureus Bloodstream Infections (MRSA BSI)
"PROVIDENCE SAINT JOSEPH MED CTR, BURBANK",14,89715,3.77,2.06,6.32,N,Acute Care Hospitals,Hospital-Onset (HO) Methicillin-Resistant Staphylococcus Aureus Bloodstream Infections (MRSA BSI)
"PROVIDENCE TARZANA MED CTR, TARZANA",7,63341,2.35,0.95,4.85,N,Acute Care Hospitals,Hospital-Onset (HO) Methicillin-Resistant Staphylococcus Aureus Bloodstream Infections (MRSA BSI)
"QUEEN OF THE VALLEY MED CTR, NAPA",0,37737,0.00,0.00,1.89,N,Acute Care Hospitals,Hospital-Onset (HO) Methicillin-Resistant Staphylococcus Aureus Bloodstream Infections (MRSA BSI)
"RADY CHILDREN'S HOSP, SAN DIEGO",0,77720,0.00,0.00,0.94,L,Acute Care Hospitals,Hospital-Onset (HO) Methicillin-Resistant Staphylococcus Aureus Bloodstream Infections (MRSA BSI)
REDLANDS COMMUNITY HOSP,3,47881,1.08,0.22,3.17,N,Acute Care Hospitals,Hospital-Onset (HO) Methicillin-Resistant Staphylococcus Aureus Bloodstream Infections (MRSA BSI)
"REDWOOD MEMORIAL HOSP, FORTUNA",0,6252,,,,N,Acute Care Hospitals,Hospital-Onset (HO) Methicillin-Resistant Staphylococcus Aureus Bloodstream Infections (MRSA BSI)
¶ REGIONAL MED CTR OF SAN JOSE,5,40949,1.22,0.40,2.86,N,Acute Care Hospitals,Hospital-Onset (HO) Methicillin-Resistant Staphylococcus Aureus Bloodstream Infections (MRSA BSI)
RIDGECREST REGIONAL HOSP,0,9220,,,,N,Acute Care Hospitals,Hospital-Onset (HO) Methicillin-Resistant Staphylococcus Aureus Bloodstream Infections (MRSA BSI)
RIVERSIDE COMMUNITY HOSP,7,99861,1.60,0.64,3.30,N,Acute Care Hospitals,Hospital-Onset (HO) Methicillin-Resistant Staphylococcus Aureus Bloodstream Infections (MRSA BSI)
"RIVERSIDE COUNTY REGIONAL MED CTR, MORENO VALLEY",7,94752,1.16,0.47,2.40,N,Acute Care Hospitals,Hospital-Onset (HO) Methicillin-Resistant Staphylococcus Aureus Bloodstream Infections (MRSA BSI)
"RONALD REAGAN UCLA MED CTR, LOS ANGELES",11,153970,0.66,0.33,1.19,N,Acute Care Hospitals,Hospital-Onset (HO) Methicillin-Resistant Staphylococcus Aureus Bloodstream Infections (MRSA BSI)
SADDLEBACK MEMORIAL MED CTR,3,62204,1.02,0.21,2.99,N,Acute Care Hospitals,Hospital-Onset (HO) Methicillin-Resistant Staphylococcus Aureus Bloodstream Infections (MRSA BSI)
"SADDLEBACK MEMORIAL MED CTR, LAGUNA HILLS",,,,,,,Acute Care Hospitals,Hospital-Onset (HO) Methicillin-Resistant Staphylococcus Aureus Bloodstream Infections (MRSA BSI)
SADDLEBACK MEMORIAL MED CTR-SAN CLEMENTE,,,,,,,Acute Care Hospitals,Hospital-Onset (HO) Methicillin-Resistant Staphylococcus Aureus Bloodstream Infections (MRSA BSI)
"SAINT AGNES MED CTR, FRESNO",6,104832,1.03,0.38,2.25,N,Acute Care Hospitals,Hospital-Onset (HO) Methicillin-Resistant Staphylococcus Aureus Bloodstream Infections (MRSA BSI)
"SAINT FRANCIS MED CTR, LYNWOOD",3,106987,0.54,0.11,1.58,N,Acute Care Hospitals,Hospital-Onset (HO) Methicillin-Resistant Staphylococcus Aureus Bloodstream Infections (MRSA BSI)
"SAINT FRANCIS MEMORIAL HOSP, SAN FRANCISCO",5,28572,3.45,1.12,8.05,N,Acute Care Hospitals,Hospital-Onset (HO) Methicillin-Resistant Staphylococcus Aureus Bloodstream Infections (MRSA BSI)
"SAINT JOHN'S HEALTH CTR, SANTA MONICA",1,55131,0.38,0.01,2.10,N,Acute Care Hospitals,Hospital-Onset (HO) Methicillin-Resistant Staphylococcus Aureus Bloodstream Infections (MRSA BSI)
"SAINT LOUISE REGIONAL HOSP, GILROY",0,12030,,,,N,Acute Care Hospitals,Hospital-Onset (HO) Methicillin-Resistant Staphylococcus Aureus Bloodstream Infections (MRSA BSI)
"SAINT VINCENT MED CTR, LOS ANGELES",5,47048,2.08,0.68,4.86,N,Acute Care Hospitals,Hospital-Onset (HO) Methicillin-Resistant Staphylococcus Aureus Bloodstream Infections (MRSA BSI)
SALINAS VALLEY MEMORIAL HOSP,0,45102,0.00,0.00,2.24,N,Acute Care Hospitals,Hospital-Onset (HO) Methicillin-Resistant Staphylococcus Aureus Bloodstream Infections (MRSA BSI)
"SAN ANTONIO COMMUNITY HOSP, UPLAND",2,58872,0.61,0.07,2.20,N,Acute Care Hospitals,Hospital-Onset (HO) Methicillin-Resistant Staphylococcus Aureus Bloodstream Infections (MRSA BSI)
SAN DIMAS COMMUNITY HOSP,1,13755,,,,N,Acute Care Hospitals,Hospital-Onset (HO) Methicillin-Resistant Staphylococcus Aureus Bloodstream Infections (MRSA BSI)
SAN FRANCISCO GENERAL HOSP,3,96688,0.14,0.03,0.40,L,Acute Care Hospitals,Hospital-Onset (HO) Methicillin-Resistant Staphylococcus Aureus Bloodstream Infections (MRSA BSI)
"SAN GABRIEL VALLEY MED CTR, SAN GABRIEL",3,35983,1.63,0.34,4.76,N,Acute Care Hospitals,Hospital-Onset (HO) Methicillin-Resistant Staphylococcus Aureus Bloodstream Infections (MRSA BSI)
"SAN GORGONIO MEMORIAL HOSP, BANNING",1,14337,0.89,0.02,4.94,N,Acute Care Hospitals,Hospital-Onset (HO) Methicillin-Resistant Staphylococcus Aureus Bloodstream Infections (MRSA BSI)
"SAN JOAQUIN COMMUNITY HOSP, BAKERSFIELD",9,75720,2.42,1.11,4.60,N,Acute Care Hospitals,Hospital-Onset (HO) Methicillin-Resistant Staphylococcus Aureus Bloodstream Infections (MRSA BSI)
"SAN JOAQUIN GENERAL HOSP, FRENCH P",5,41572,2.12,0.69,4.95,N,Acute Care Hospitals,Hospital-Onset (HO) Methicillin-Resistant Staphylococcus Aureus Bloodstream Infections (MRSA BSI)
SAN MATEO MED CTR,0,20522,0.00,0.00,3.15,N,Acute Care Hospitals,Hospital-Onset (HO) Methicillin-Resistant Staphylococcus Aureus Bloodstream Infections (MRSA BSI)
"SAN RAMON REGIONAL MED CTR, INC.",1,16884,,,,N,Acute Care Hospitals,Hospital-Onset (HO) Methicillin-Resistant Staphylococcus Aureus Bloodstream Infections (MRSA BSI)
SAN RAMON REGIONAL MED CTR,,,,,,,Acute Care Hospitals,Hospital-Onset (HO) Methicillin-Resistant Staphylococcus Aureus Bloodstream Infections (MRSA BSI)
SAN RAMON REGIONAL MED CTR SOUTH BUILDING,,,,,,,Acute Care Hospitals,Hospital-Onset (HO) Methicillin-Resistant Staphylococcus Aureus Bloodstream Infections (MRSA BSI)
SANTA BARBARA COTTAGE HOSPITAL,0,88522,0.00,0.00,0.77,L,Acute Care Hospitals,Hospital-Onset (HO) Methicillin-Resistant Staphylococcus Aureus Bloodstream Infections (MRSA BSI)
SANTA BARBARA COTTAGE HOSP,,,,,,,Acute Care Hospitals,Hospital-Onset (HO) Methicillin-Resistant Staphylococcus Aureus Bloodstream Infections (MRSA BSI)
REHABILITATION INSTITUTE AT SANTA BARBARA,,,,,,,Acute Care Hospitals,Hospital-Onset (HO) Methicillin-Resistant Staphylococcus Aureus Bloodstream Infections (MRSA BSI)
"SANTA CLARA VALLEY MED CTR, SAN JOSE",5,126075,0.41,0.13,0.96,L,Acute Care Hospitals,Hospital-Onset (HO) Methicillin-Resistant Staphylococcus Aureus Bloodstream Infections (MRSA BSI)
"SANTA MONICA, UCLA MED CTR AND ORTHOPAEDIC",8,86444,1.29,0.55,2.53,N,Acute Care Hospitals,Hospital-Onset (HO) Methicillin-Resistant Staphylococcus Aureus Bloodstream Infections (MRSA BSI)
SANTA ROSA MEMORIAL HOSP,3,59401,0.71,0.15,2.08,N,Acute Care Hospitals,Hospital-Onset (HO) Methicillin-Resistant Staphylococcus Aureus Bloodstream Infections (MRSA BSI)
"¶ SANTA YNEZ VALLEY COTTAGE HOSP, SOLVANG",0,584,,,,,Acute Care Hospitals,Hospital-Onset (HO) Methicillin-Resistant Staphylococcus Aureus Bloodstream Infections (MRSA BSI)
"SCRIPPS GREEN HOSP, LA JOLLA",0,37527,0.00,0.00,2.57,N,Acute Care Hospitals,Hospital-Onset (HO) Methicillin-Resistant Staphylococcus Aureus Bloodstream Infections (MRSA BSI)
SCRIPPS HEALTH,6,159423,0.38,0.14,0.83,L,Acute Care Hospitals,Hospital-Onset (HO) Methicillin-Resistant Staphylococcus Aureus Bloodstream Infections (MRSA BSI)
"SCRIPPS MERCY HOSP, SAN DIEGO",,,,,,,Acute Care Hospitals,Hospital-Onset (HO) Methicillin-Resistant Staphylococcus Aureus Bloodstream Infections (MRSA BSI)
SCRIPPS MERCY HOSP CHULA VISTA,,,,,,,Acute Care Hospitals,Hospital-Onset (HO) Methicillin-Resistant Staphylococcus Aureus Bloodstream Infections (MRSA BSI)
"SCRIPPS MEMORIAL HOSP, ENCINITAS",3,44329,1.56,0.32,4.57,N,Acute Care Hospitals,Hospital-Onset (HO) Methicillin-Resistant Staphylococcus Aureus Bloodstream Infections (MRSA BSI)
"SCRIPPS MEMORIAL HOSP, LA JOLLA",3,77689,0.92,0.19,2.70,N,Acute Care Hospitals,Hospital-Onset (HO) Methicillin-Resistant Staphylococcus Aureus Bloodstream Infections (MRSA BSI)
"SENECA HEALTHCARE DISTRICT, CHESTER",0,690,,,,N,Acute Care Hospitals,Hospital-Onset (HO) Methicillin-Resistant Staphylococcus Aureus Bloodstream Infections (MRSA BSI)
"SEQUOIA HOSP, REDWOOD CITY",0,24717,,,,N,Acute Care Hospitals,Hospital-Onset (HO) Methicillin-Resistant Staphylococcus Aureus Bloodstream Infections (MRSA BSI)
SETON MED CTR,3,33117,1.42,0.29,4.14,N,Acute Care Hospitals,Hospital-Onset (HO) Methicillin-Resistant Staphylococcus Aureus Bloodstream Infections (MRSA BSI)
"SETON MED CTR-COASTSIDE, MOSS BEACH",,,,,,,Acute Care Hospitals,Hospital-Onset (HO) Methicillin-Resistant Staphylococcus Aureus Bloodstream Infections (MRSA BSI)
"SETON MED CTR, DALY CITY",,,,,,,Acute Care Hospitals,Hospital-Onset (HO) Methicillin-Resistant Staphylococcus Aureus Bloodstream Infections (MRSA BSI)
SHARP CHULA VISTA MED CTR,4,71627,1.31,0.36,3.36,N,Acute Care Hospitals,Hospital-Onset (HO) Methicillin-Resistant Staphylococcus Aureus Bloodstream Infections (MRSA BSI)
SHARP CORONADO HOSP AND HEALTHCARE CTR,0,8411,,,,N,Acute Care Hospitals,Hospital-Onset (HO) Methicillin-Resistant Staphylococcus Aureus Bloodstream Infections (MRSA BSI)
"SHARP MARY BIRCH FOR WOMEN & NEWBORNS, SAN DIEGO",0,70046,0.00,0.00,1.45,N,Acute Care Hospitals,Hospital-Onset (HO) Methicillin-Resistant Staphylococcus Aureus Bloodstream Infections (MRSA BSI)
"SHARP MEMORIAL HOSP, SAN DIEGO",0,92438,0.00,0.00,0.56,L,Acute Care Hospitals,Hospital-Onset (HO) Methicillin-Resistant Staphylococcus Aureus Bloodstream Infections (MRSA BSI)
"SHASTA REGIONAL MED CTR, REDDING",1,29668,0.54,0.01,3.03,N,Acute Care Hospitals,Hospital-Onset (HO) Methicillin-Resistant Staphylococcus Aureus Bloodstream Infections (MRSA BSI)
SHERMAN OAKS HOSP,1,21364,0.48,0.01,2.70,N,Acute Care Hospitals,Hospital-Onset (HO) Methicillin-Resistant Staphylococcus Aureus Bloodstream Infections (MRSA BSI)
"SHRINERS HOSPS FOR CHILDREN, LOS ANGELES",0,1288,,,,N,Acute Care Hospitals,Hospital-Onset (HO) Methicillin-Resistant Staphylococcus Aureus Bloodstream Infections (MRSA BSI)
"SHRINERS HOSPS FOR CHILDREN NORTH CA, SACRAMENTO",0,6595,,,,N,Acute Care Hospitals,Hospital-Onset (HO) Methicillin-Resistant Staphylococcus Aureus Bloodstream Infections (MRSA BSI)
"SIERRA NEVADA MEMORIAL HOSP, GRASS VALLEY",0,18327,,,,N,Acute Care Hospitals,Hospital-Onset (HO) Methicillin-Resistant Staphylococcus Aureus Bloodstream Infections (MRSA BSI)
"SIERRA VIEW DISTRICT HOSP, PORTERVILLE",3,29400,2.77,0.57,8.08,N,Acute Care Hospitals,Hospital-Onset (HO) Methicillin-Resistant Staphylococcus Aureus Bloodstream Infections (MRSA BSI)
"SIERRA VISTA REGIONAL MED CTR, SAN LUIS OBISPO",1,23547,,,,N,Acute Care Hospitals,Hospital-Onset (HO) Methicillin-Resistant Staphylococcus Aureus Bloodstream Infections (MRSA BSI)
"SILVER LAKE MED CTR, LOS ANGELES",0,22411,0.00,0.00,3.39,N,Acute Care Hospitals,Hospital-Onset (HO) Methicillin-Resistant Staphylococcus Aureus Bloodstream Infections (MRSA BSI)
SIMI VALLEY HOSP & HEALTH CARE SERVICES,3,25266,2.49,0.51,7.29,N,Acute Care Hospitals,Hospital-Onset (HO) Methicillin-Resistant Staphylococcus Aureus Bloodstream Infections (MRSA BSI)
"SONOMA DEVELOPMENTAL CTR, ELDRIDGE",0,1273,,,,N,Acute Care Hospitals,Hospital-Onset (HO) Methicillin-Resistant Staphylococcus Aureus Bloodstream Infections (MRSA BSI)
SONOMA VALLEY HOSP,0,4860,,,,N,Acute Care Hospitals,Hospital-Onset (HO) Methicillin-Resistant Staphylococcus Aureus Bloodstream Infections (MRSA BSI)
SONORA REGIONAL MED CTR,0,18804,0.00,0.00,3.68,N,Acute Care Hospitals,Hospital-Onset (HO) Methicillin-Resistant Staphylococcus Aureus Bloodstream Infections (MRSA BSI)
SONORA REGIONAL MED CTR CAMPUS #1,,,,,,,Acute Care Hospitals,Hospital-Onset (HO) Methicillin-Resistant Staphylococcus Aureus Bloodstream Infections (MRSA BSI)
SONORA REGIONAL MED CTR CAMPUS #2,,,,,,,Acute Care Hospitals,Hospital-Onset (HO) Methicillin-Resistant Staphylococcus Aureus Bloodstream Infections (MRSA BSI)
"SOUTHERN INYO HOSP, LONE PINE",0,224,,,,N,Acute Care Hospitals,Hospital-Onset (HO) Methicillin-Resistant Staphylococcus Aureus Bloodstream Infections (MRSA BSI)
ST BERNARDINE MED CTR,1,71544,0.17,0.00,0.95,L,Acute Care Hospitals,Hospital-Onset (HO) Methicillin-Resistant Staphylococcus Aureus Bloodstream Infections (MRSA BSI)
"ST ELIZABETH COMMUNITY HOSP, RED BLUFF",0,10455,,,,N,Acute Care Hospitals,Hospital-Onset (HO) Methicillin-Resistant Staphylococcus Aureus Bloodstream Infections (MRSA BSI)
"ST HELENA HOSP, CLEARLAKE",0,5578,,,,N,Acute Care Hospitals,Hospital-Onset (HO) Methicillin-Resistant Staphylococcus Aureus Bloodstream Infections (MRSA BSI)
"ST HELENA HOSP, ST HELENA",0,17926,,,,N,Acute Care Hospitals,Hospital-Onset (HO) Methicillin-Resistant Staphylococcus Aureus Bloodstream Infections (MRSA BSI)
"ST JOHN'S PLEASANT VALLEY HOSP, ARILLO",0,13352,,,,N,Acute Care Hospitals,Hospital-Onset (HO) Methicillin-Resistant Staphylococcus Aureus Bloodstream Infections (MRSA BSI)
"ST JOHN'S REGIONAL MED CTR, OXNARD",6,51625,2.11,0.77,4.59,N,Acute Care Hospitals,Hospital-Onset (HO) Methicillin-Resistant Staphylococcus Aureus Bloodstream Infections (MRSA BSI)
ST JOSEPH HOSP EUREKA,,,,,,,Acute Care Hospitals,Hospital-Onset (HO) Methicillin-Resistant Staphylococcus Aureus Bloodstream Infections (MRSA BSI)
"ST JOSEPH HOSP, EUREKA",1,26563,0.73,0.02,4.04,N,Acute Care Hospitals,Hospital-Onset (HO) Methicillin-Resistant Staphylococcus Aureus Bloodstream Infections (MRSA BSI)
"ST JOSEPH HOSP, ORANGE",1,88539,0.18,0.00,0.98,L,Acute Care Hospitals,Hospital-Onset (HO) Methicillin-Resistant Staphylococcus Aureus Bloodstream Infections (MRSA BSI)
ST JOSEPH'S MED CTR OF STOCKTON,5,76246,1.03,0.33,2.41,N,Acute Care Hospitals,Hospital-Onset (HO) Methicillin-Resistant Staphylococcus Aureus Bloodstream Infections (MRSA BSI)
"ST JUDE MED CTR, FULLERTON",1,68791,0.20,0.00,1.12,N,Acute Care Hospitals,Hospital-Onset (HO) Methicillin-Resistant Staphylococcus Aureus Bloodstream Infections (MRSA BSI)
"ST MARY MED CTR, APPLE VALLEY",2,69089,0.63,0.08,2.26,N,Acute Care Hospitals,Hospital-Onset (HO) Methicillin-Resistant Staphylococcus Aureus Bloodstream Infections (MRSA BSI)
"ST MARY MED CTR, LONG BEACH",3,55667,1.51,0.31,4.40,N,Acute Care Hospitals,Hospital-Onset (HO) Methicillin-Resistant Staphylococcus Aureus Bloodstream Infections (MRSA BSI)
"ST MARY'S MED CTR, SAN FRANCISCO",0,36655,0.00,0.00,2.8,N,Acute Care Hospitals,Hospital-Onset (HO) Methicillin-Resistant Staphylococcus Aureus Bloodstream Infections (MRSA BSI)
"ST ROSE HOSP, HAYWARD",0,34442,0.00,0.00,2.31,N,Acute Care Hospitals,Hospital-Onset (HO) Methicillin-Resistant Staphylococcus Aureus Bloodstream Infections (MRSA BSI)
"STANFORD HOSP, STANFORD",2,141567,0.16,0.02,0.56,L,Acute Care Hospitals,Hospital-Onset (HO) Methicillin-Resistant Staphylococcus Aureus Bloodstream Infections (MRSA BSI)
"STANISLAUS SURGICAL HOSP, MODESTO",0,1973,,,,N,Acute Care Hospitals,Hospital-Onset (HO) Methicillin-Resistant Staphylococcus Aureus Bloodstream Infections (MRSA BSI)
"SURPRISE VALLEY COMMUNITY HOSP, CEDARVILLE",0,44,,,,N,Acute Care Hospitals,Hospital-Onset (HO) Methicillin-Resistant Staphylococcus Aureus Bloodstream Infections (MRSA BSI)
"SUTTER AMADOR HOSP, JACKSON",0,7914,,,,N,Acute Care Hospitals,Hospital-Onset (HO) Methicillin-Resistant Staphylococcus Aureus Bloodstream Infections (MRSA BSI)
"SUTTER AUBURN FAITH HOSP, AUBURN",0,12976,,,,N,Acute Care Hospitals,Hospital-Onset (HO) Methicillin-Resistant Staphylococcus Aureus Bloodstream Infections (MRSA BSI)
"SUTTER COAST HOSP, CRESCENT CITY",0,6926,,,,N,Acute Care Hospitals,Hospital-Onset (HO) Methicillin-Resistant Staphylococcus Aureus Bloodstream Infections (MRSA BSI)
"SUTTER DAVIS HOSPITAL, DAVIS",0,11137,,,,N,Acute Care Hospitals,Hospital-Onset (HO) Methicillin-Resistant Staphylococcus Aureus Bloodstream Infections (MRSA BSI)
"SUTTER DELTA MED CTR, ANTIOCH",3,31250,2.09,0.43,6.10,N,Acute Care Hospitals,Hospital-Onset (HO) Methicillin-Resistant Staphylococcus Aureus Bloodstream Infections (MRSA BSI)
SUTTER EAST BAY HOSPS CTR,2,89002,0.58,0.07,2.08,N,Acute Care Hospitals,Hospital-Onset (HO) Methicillin-Resistant Staphylococcus Aureus Bloodstream Infections (MRSA BSI)
"ALTA BATES SUMMIT MED CTR, ALTA BATES CAMPUS, BERKELEY",,,,,,,Acute Care Hospitals,Hospital-Onset (HO) Methicillin-Resistant Staphylococcus Aureus Bloodstream Infections (MRSA BSI)
"ALTA BATES SUMMIT MED CTR, HERRICK CAMPUS, BERKELEY",,,,,,,Acute Care Hospitals,Hospital-Onset (HO) Methicillin-Resistant Staphylococcus Aureus Bloodstream Infections (MRSA BSI)
SUTTER EAST BAY HOSPS CTR,7,66769,1.16,0.47,2.40,N,Acute Care Hospitals,Hospital-Onset (HO) Methicillin-Resistant Staphylococcus Aureus Bloodstream Infections (MRSA BSI)
"ALTA BATES SUMMIT MED CTR, OAKLAND",,,,,,,Acute Care Hospitals,Hospital-Onset (HO) Methicillin-Resistant Staphylococcus Aureus Bloodstream Infections (MRSA BSI)
"ALTA BATES SUMMIT MED CTR, SUMMIT CAMPUS, OAKLAND",,,,,,,Acute Care Hospitals,Hospital-Onset (HO) Methicillin-Resistant Staphylococcus Aureus Bloodstream Infections (MRSA BSI)
SUTTER HEALTH SACRAMENTO SIERRA REGION,6,138498,0.64,0.23,1.39,N,Acute Care Hospitals,Hospital-Onset (HO) Methicillin-Resistant Staphylococcus Aureus Bloodstream Infections (MRSA BSI)
"SUTTER GENERAL HOSP, SACRAMENTO",,,,,,,Acute Care Hospitals,Hospital-Onset (HO) Methicillin-Resistant Staphylococcus Aureus Bloodstream Infections (MRSA BSI)
"SUTTER MEMORIAL HOSP, SACRAMENTO",,,,,,,Acute Care Hospitals,Hospital-Onset (HO) Methicillin-Resistant Staphylococcus Aureus Bloodstream Infections (MRSA BSI)
"SUTTER LAKESIDE HOSP, LAKEPORT",0,6913,,,,N,Acute Care Hospitals,Hospital-Onset (HO) Methicillin-Resistant Staphylococcus Aureus Bloodstream Infections (MRSA BSI)
SUTTER MATERNITY & SURGERY CTR OF SANTA CRUZ,0,6198,,,,N,Acute Care Hospitals,Hospital-Onset (HO) Methicillin-Resistant Staphylococcus Aureus Bloodstream Infections (MRSA BSI)
"SUTTER MED CTR, CASTRO VALLEY",3,53025,1.07,0.22,3.11,N,Acute Care Hospitals,Hospital-Onset (HO) Methicillin-Resistant Staphylococcus Aureus Bloodstream Infections (MRSA BSI)
"EDEN MED CTR, CASTRO VALLEY",,,,,,,Acute Care Hospitals,Hospital-Onset (HO) Methicillin-Resistant Staphylococcus Aureus Bloodstream Infections (MRSA BSI)
SAN LEANDRO HOSP,,,,,,,Acute Care Hospitals,Hospital-Onset (HO) Methicillin-Resistant Staphylococcus Aureus Bloodstream Infections (MRSA BSI)
SUTTER MED CTR OF SANTA ROSA,2,24898,1.73,0.21,6.23,N,Acute Care Hospitals,Hospital-Onset (HO) Methicillin-Resistant Staphylococcus Aureus Bloodstream Infections (MRSA BSI)
SUTTER ROSEVILLE MED CTR,0,95208,0.00,0.00,1.02,N,Acute Care Hospitals,Hospital-Onset (HO) Methicillin-Resistant Staphylococcus Aureus Bloodstream Infections (MRSA BSI)
"SUTTER SOLANO MED CTR, VALLEJO",1,19942,0.93,0.02,5.20,N,Acute Care Hospitals,Hospital-Onset (HO) Methicillin-Resistant Staphylococcus Aureus Bloodstream Infections (MRSA BSI)
"SUTTER SURGICAL HOSP, NORTH VALLEY, YUBA CITY",0,1453,,,,N,Acute Care Hospitals,Hospital-Onset (HO) Methicillin-Resistant Staphylococcus Aureus Bloodstream Infections (MRSA BSI)
SUTTER TRACY COMMUNITY HOSP,0,15208,,,,N,Acute Care Hospitals,Hospital-Onset (HO) Methicillin-Resistant Staphylococcus Aureus Bloodstream Infections (MRSA BSI)
SUTTER WEST BAY HOSPS,,,,,,,Acute Care Hospitals,Hospital-Onset (HO) Methicillin-Resistant Staphylococcus Aureus Bloodstream Infections (MRSA BSI)
"CALIFORNIA PACIFIC MED CTR, DAVIES CAM HOSP, S F",1,20458,0.97,0.02,5.42,N,Acute Care Hospitals,Hospital-Onset (HO) Methicillin-Resistant Staphylococcus Aureus Bloodstream Infections (MRSA BSI)
SUTTER WEST BAY HOSPS,5,115623,0.75,0.24,1.74,N,Acute Care Hospitals,Hospital-Onset (HO) Methicillin-Resistant Staphylococcus Aureus Bloodstream Infections (MRSA BSI)
"CALIFORNIA PACIFIC MED CTR, CA WEST CAM HOSP, S F",,,,,,,Acute Care Hospitals,Hospital-Onset (HO) Methicillin-Resistant Staphylococcus Aureus Bloodstream Infections (MRSA BSI)
"CALIFORNIA PACIFIC MED CTR, PACIFIC CAM HOSP, S F",,,,,,,Acute Care Hospitals,Hospital-Onset (HO) Methicillin-Resistant Staphylococcus Aureus Bloodstream Infections (MRSA BSI)
"TAHOE FOREST HOSP, TRUCKEE",0,4860,,,,N,Acute Care Hospitals,Hospital-Onset (HO) Methicillin-Resistant Staphylococcus Aureus Bloodstream Infections (MRSA BSI)
"TEHACHAPI HOSP, TEHACHAPI",0,5914,,,,N,Acute Care Hospitals,Hospital-Onset (HO) Methicillin-Resistant Staphylococcus Aureus Bloodstream Infections (MRSA BSI)
"TEMPLE COMMUNITY HOSP, LOS ANGELES",0,12060,,,,N,Acute Care Hospitals,Hospital-Onset (HO) Methicillin-Resistant Staphylococcus Aureus Bloodstream Infections (MRSA BSI)
"TORRANCE MEMORIAL MED CTR, TORRANCE",4,88160,0.80,0.22,2.04,N,Acute Care Hospitals,Hospital-Onset (HO) Methicillin-Resistant Staphylococcus Aureus Bloodstream Infections (MRSA BSI)
"TRI-CITY MED CTR, OCEANSIDE",3,76115,0.82,0.17,2.41,N,Acute Care Hospitals,Hospital-Onset (HO) Methicillin-Resistant Staphylococcus Aureus Bloodstream Infections (MRSA BSI)
"TRI-CITY REGIONAL MED CTR, HAWAIIAN GARDENS",1,13111,,,,N,Acute Care Hospitals,Hospital-Onset (HO) Methicillin-Resistant Staphylococcus Aureus Bloodstream Infections (MRSA BSI)
"TRINITY HOSP, WEAVERVILLE",0,2045,,,,N,Acute Care Hospitals,Hospital-Onset (HO) Methicillin-Resistant Staphylococcus Aureus Bloodstream Infections (MRSA BSI)
TULARE REGIONAL MEDICAL CTR,1,19284,,,,N,Acute Care Hospitals,Hospital-Onset (HO) Methicillin-Resistant Staphylococcus Aureus Bloodstream Infections (MRSA BSI)
"TWIN CITIES COMMUNITY HOSP, TEMPLETON",0,20731,,,,N,Acute Care Hospitals,Hospital-Onset (HO) Methicillin-Resistant Staphylococcus Aureus Bloodstream Infections (MRSA BSI)
"UHS-CORONA, INC.",0,35544,0.00,0.00,2.64,N,Acute Care Hospitals,Hospital-Onset (HO) Methicillin-Resistant Staphylococcus Aureus Bloodstream Infections (MRSA BSI)
"CORONA REGIONAL MED CTR, CAMPUS #1",,,,,,,Acute Care Hospitals,Hospital-Onset (HO) Methicillin-Resistant Staphylococcus Aureus Bloodstream Infections (MRSA BSI)
"CORONA REGIONAL MED CTR, CAMPUS #2",,,,,,,Acute Care Hospitals,Hospital-Onset (HO) Methicillin-Resistant Staphylococcus Aureus Bloodstream Infections (MRSA BSI)
"UKIAH VALLEY MED CTR/HOSP DRIVE, UKIAH",0,13665,,,,N,Acute Care Hospitals,Hospital-Onset (HO) Methicillin-Resistant Staphylococcus Aureus Bloodstream Infections (MRSA BSI)
"UNIVERSITY OF CALIFORNIA DAVIS MED CTR, SACRAMENTO",29,168987,2.11,1.41,3.02,N,Acute Care Hospitals,Hospital-Onset (HO) Methicillin-Resistant Staphylococcus Aureus Bloodstream Infections (MRSA BSI)
"UNIVERSAL HEALTH SERVICES OF RANCHO SPRINGS, INC.",2,60267,0.83,0.10,2.98,N,Acute Care Hospitals,Hospital-Onset (HO) Methicillin-Resistant Staphylococcus Aureus Bloodstream Infections (MRSA BSI)
"SOUTHWEST HEALTHCARE SYSTEMS, MURRIETA",,,,,,,Acute Care Hospitals,Hospital-Onset (HO) Methicillin-Resistant Staphylococcus Aureus Bloodstream Infections (MRSA BSI)
"SOUTHWEST HEALTHCARE SYSTEMS, WILDOMAR",,,,,,,Acute Care Hospitals,Hospital-Onset (HO) Methicillin-Resistant Staphylococcus Aureus Bloodstream Infections (MRSA BSI)
"UNIVERSITY OF CALIFORNIA IRVINE MED CTR, ORANGE",5,113151,0.47,0.15,1.09,N,Acute Care Hospitals,Hospital-Onset (HO) Methicillin-Resistant Staphylococcus Aureus Bloodstream Infections (MRSA BSI)
"UNIVERSITY OF CALIFORNIA, SAN DIEGO",7,154360,0.59,0.24,1.21,N,Acute Care Hospitals,Hospital-Onset (HO) Methicillin-Resistant Staphylococcus Aureus Bloodstream Infections (MRSA BSI)
"UNIVERSITY OF CALIFORNIA, SAN DIEGO MED CTR",,,,,,,Acute Care Hospitals,Hospital-Onset (HO) Methicillin-Resistant Staphylococcus Aureus Bloodstream Infections (MRSA BSI)
"UCSD-LA JOLLA, JOHN M.& SALLY B. THORNTON HOSP",,,,,,,Acute Care Hospitals,Hospital-Onset (HO) Methicillin-Resistant Staphylococcus Aureus Bloodstream Infections (MRSA BSI)
"UNIVERSITY OF CALIFORNIA, SAN FRANCISCO",15,191913,0.85,0.48,1.41,N,Acute Care Hospitals,Hospital-Onset (HO) Methicillin-Resistant Staphylococcus Aureus Bloodstream Infections (MRSA BSI)
"UCSF MED CTR, SAN FRANCISCO",,,,,,,Acute Care Hospitals,Hospital-Onset (HO) Methicillin-Resistant Staphylococcus Aureus Bloodstream Infections (MRSA BSI)
"UCSF MED CTR AT MOUNT ZION, SAN FRANCISCO",,,,,,,Acute Care Hospitals,Hospital-Onset (HO) Methicillin-Resistant Staphylococcus Aureus Bloodstream Infections (MRSA BSI)
"VALLEY PRESBYTERIAN HOSP, VAN NUYS",1,70663,0.23,0.01,1.26,N,Acute Care Hospitals,Hospital-Onset (HO) Methicillin-Resistant Staphylococcus Aureus Bloodstream Infections (MRSA BSI)
"VERDUGO HILLS HOSP, GLENDALE",0,24794,0.00,0.00,3.07,N,Acute Care Hospitals,Hospital-Onset (HO) Methicillin-Resistant Staphylococcus Aureus Bloodstream Infections (MRSA BSI)
"VICTOR VALLEY COMMUNITY HOSP, VICTORVILLE",0,20729,,,,N,Acute Care Hospitals,Hospital-Onset (HO) Methicillin-Resistant Staphylococcus Aureus Bloodstream Infections (MRSA BSI)
"WASHINGTON HOSP, FREMONT",1,59409,0.37,0.01,2.06,N,Acute Care Hospitals,Hospital-Onset (HO) Methicillin-Resistant Staphylococcus Aureus Bloodstream Infections (MRSA BSI)
WATSONVILLE COMMUNITY HOSP,0,20702,,,,N,Acute Care Hospitals,Hospital-Onset (HO) Methicillin-Resistant Staphylococcus Aureus Bloodstream Infections (MRSA BSI)
"WEST ANAHEIM MED CTR, ANAHEIM",7,33688,1.54,0.62,3.17,N,Acute Care Hospitals,Hospital-Onset (HO) Methicillin-Resistant Staphylococcus Aureus Bloodstream Infections (MRSA BSI)
WEST HILLS HOSP AND MED CTR,5,43585,1.71,0.56,3.10,N,Acute Care Hospitals,Hospital-Onset (HO) Methicillin-Resistant Staphylococcus Aureus Bloodstream Infections (MRSA BSI)
WESTERN MED CTR ANAHEIM,0,41111,0.00,0.00,2.09,N,Acute Care Hospitals,Hospital-Onset (HO) Methicillin-Resistant Staphylococcus Aureus Bloodstream Infections (MRSA BSI)
WESTERN MED CTR SANTA ANA,0,34740,0.00,0.00,2.41,N,Acute Care Hospitals,Hospital-Onset (HO) Methicillin-Resistant Staphylococcus Aureus Bloodstream Infections (MRSA BSI)
"WHITE MEMORIAL MED CTR, LOS ANGELES",5,105054,1.09,0.35,2.53,N,Acute Care Hospitals,Hospital-Onset (HO) Methicillin-Resistant Staphylococcus Aureus Bloodstream Infections (MRSA BSI)
WHITTIER HOSP MED CTR,0,30685,0.00,0.00,2.39,N,Acute Care Hospitals,Hospital-Onset (HO) Methicillin-Resistant Staphylococcus Aureus Bloodstream Infections (MRSA BSI)
WOODLAND MEMORIAL HOSP,0,10175,,,,N,Acute Care Hospitals,Hospital-Onset (HO) Methicillin-Resistant Staphylococcus Aureus Bloodstream Infections (MRSA BSI)
STATE OF CALIFORNIA POOLED DATA,83,463503,1.79,,,,Long-Term Acute Care Hospitals,Incidence Rates of Hospital-Onset Methicillin-Resistant Staphylococcus Aureus Bloodstream Infections (MRSA BSI)
"BARLOW RESPIRATORY HOSP, LOS ANGELES",2,24060,0.83,0.10,3.00,N,Long-Term Acute Care Hospitals,Incidence Rates of Hospital-Onset Methicillin-Resistant Staphylococcus Aureus Bloodstream Infections (MRSA BSI)
"KENTFIELD REHAB & SPECIALTY HOSP, KENTFIELD",0,17968,0.00,0.00,1.67,L,Long-Term Acute Care Hospitals,Incidence Rates of Hospital-Onset Methicillin-Resistant Staphylococcus Aureus Bloodstream Infections (MRSA BSI)
"KINDRED HOSP, BALDWIN PARK",5,24778,2.02,0.66,4.71,N,Long-Term Acute Care Hospitals,Incidence Rates of Hospital-Onset Methicillin-Resistant Staphylococcus Aureus Bloodstream Infections (MRSA BSI)
"KINDRED HOSP, BREA",9,15581,5.78,2.64,10.97,H,Long-Term Acute Care Hospitals,Incidence Rates of Hospital-Onset Methicillin-Resistant Staphylococcus Aureus Bloodstream Infections (MRSA BSI)
KINDRED HOSP-LOS ANGELES,10,27328,3.66,1.75,6.73,N,Long-Term Acute Care Hospitals,Incidence Rates of Hospital-Onset Methicillin-Resistant Staphylococcus Aureus Bloodstream Infections (MRSA BSI)
"KINDRED HOSP, ONTARIO",4,28127,1.42,0.39,3.64,N,Long-Term Acute Care Hospitals,Incidence Rates of Hospital-Onset Methicillin-Resistant Staphylococcus Aureus Bloodstream Infections (MRSA BSI)
"KINDRED HOSP RANCHO, RANCHO CUCAMONGA",7,18254,3.83,1.54,7.90,N,Long-Term Acute Care Hospitals,Incidence Rates of Hospital-Onset Methicillin-Resistant Staphylococcus Aureus Bloodstream Infections (MRSA BSI)
"KINDRED HOSP RIVERSIDE, PERRIS",3,12121,2.48,0.51,7.23,N,Long-Term Acute Care Hospitals,Incidence Rates of Hospital-Onset Methicillin-Resistant Staphylococcus Aureus Bloodstream Infections (MRSA BSI)
"KINDRED HOSP-SACRAMENTO, FOLSOM",1,11972,0.84,0.02,4.65,N,Long-Term Acute Care Hospitals,Incidence Rates of Hospital-Onset Methicillin-Resistant Staphylococcus Aureus Bloodstream Infections (MRSA BSI)
KINDRED HOSP-SAN DIEGO,1,18725,0.53,0.01,2.98,N,Long-Term Acute Care Hospitals,Incidence Rates of Hospital-Onset Methicillin-Resistant Staphylococcus Aureus Bloodstream Infections (MRSA BSI)
"KINDRED HOSP-SAN FRANCISCO BAY AREA, SAN LEANDRO",4,15685,2.55,0.69,6.53,N,Long-Term Acute Care Hospitals,Incidence Rates of Hospital-Onset Methicillin-Resistant Staphylococcus Aureus Bloodstream Infections (MRSA BSI)
"KINDRED HOSP SOUTH BAY, GARDENA",5,28140,1.78,0.58,4.15,N,Long-Term Acute Care Hospitals,Incidence Rates of Hospital-Onset Methicillin-Resistant Staphylococcus Aureus Bloodstream Infections (MRSA BSI)
"KINDRED HOSP, WESTMINSTER",8,37711,2.12,0.92,4.18,N,Long-Term Acute Care Hospitals,Incidence Rates of Hospital-Onset Methicillin-Resistant Staphylococcus Aureus Bloodstream Infections (MRSA BSI)
MONROVIA MEMORIAL HOSP,1,14453,0.69,0.02,3.86,N,Long-Term Acute Care Hospitals,Incidence Rates of Hospital-Onset Methicillin-Resistant Staphylococcus Aureus Bloodstream Infections (MRSA BSI)
"NORTHERN CA REHAB HOSP, REDDING",2,16878,1.18,0.14,4.28,N,Long-Term Acute Care Hospitals,Incidence Rates of Hospital-Onset Methicillin-Resistant Staphylococcus Aureus Bloodstream Infections (MRSA BSI)
"PROMISE HOSP OF EAST LOS ANGELES, L.P.",,,,,,,Long-Term Acute Care Hospitals,Incidence Rates of Hospital-Onset Methicillin-Resistant Staphylococcus Aureus Bloodstream Infections (MRSA BSI)
"PROMISE HOSP OF EAST LA-SUBURBAN CAMPUS, PARAMOUNT",3,37708,0.80,0.16,2.33,N,Long-Term Acute Care Hospitals,Incidence Rates of Hospital-Onset Methicillin-Resistant Staphylococcus Aureus Bloodstream Infections (MRSA BSI)
"PROMISE HOSP OF EAST LA-EAST L.A CAMPUS, LOS ANGELES",4,9481,4.22,1.15,10.80,N,Long-Term Acute Care Hospitals,Incidence Rates of Hospital-Onset Methicillin-Resistant Staphylococcus Aureus Bloodstream Infections (MRSA BSI)
PROMISE HOSP OF SAN DIEGO,5,18316,2.73,0.89,6.37,N,Long-Term Acute Care Hospitals,Incidence Rates of Hospital-Onset Methicillin-Resistant Staphylococcus Aureus Bloodstream Infections (MRSA BSI)
"SOUTHERN CALIFORNIA SPECIALTY CARE, INC.",,,,,,,Long-Term Acute Care Hospitals,Incidence Rates of Hospital-Onset Methicillin-Resistant Staphylococcus Aureus Bloodstream Infections (MRSA BSI)
"KINDRED HOSP, LA MIRADA",3,22827,1.31,0.27,3.84,N,Long-Term Acute Care Hospitals,Incidence Rates of Hospital-Onset Methicillin-Resistant Staphylococcus Aureus Bloodstream Infections (MRSA BSI)
"KINDRED HOSP-SAN GABRIEL VALLEY, WEST COVINA",1,19704,0.51,0.01,2.83,N,Long-Term Acute Care Hospitals,Incidence Rates of Hospital-Onset Methicillin-Resistant Staphylococcus Aureus Bloodstream Infections (MRSA BSI)
"KINDRED HOSP, SANTA ANA",4,16894,2.37,0.65,6.06,N,Long-Term Acute Care Hospitals,Incidence Rates of Hospital-Onset Methicillin-Resistant Staphylococcus Aureus Bloodstream Infections (MRSA BSI)
"VIBRA HOSP OF SAN DIEGO, SAN DIEGO",1,26792,0.37,0.01,2.08,N,Long-Term Acute Care Hospitals,Incidence Rates of Hospital-Onset Methicillin-Resistant Staphylococcus Aureus Bloodstream Infections (MRSA BSI)
STATE OF CALIFORNIA POOLED DATA,6,150950,0.40,,,,Rehabilitation Acute Care Hospitals,Incidence Rates of Hospital-Onset Methicillin-Resistant Staphylococcus Aureus Bloodstream Infections (MRSA BSI)  
"BALLARD REHAB HOSP, SAN BERNARDINO",0,13448,0.00,0.00,2.23,N,Rehabilitation Acute Care Hospitals,Incidence Rates of Hospital-Onset Methicillin-Resistant Staphylococcus Aureus Bloodstream Infections (MRSA BSI)  
"CASA COLINA HOSP FOR REHABILITATIVE MEDICINE, POMONA",0,21716,0.00,0.00,1.38,N,Rehabilitation Acute Care Hospitals,Incidence Rates of Hospital-Onset Methicillin-Resistant Staphylococcus Aureus Bloodstream Infections (MRSA BSI)  
HEALTHSOUTH BAKERSFIELD REHABILITATION HOSP,0,19984,0.00,0.00,1.50,N,Rehabilitation Acute Care Hospitals,Incidence Rates of Hospital-Onset Methicillin-Resistant Staphylococcus Aureus Bloodstream Infections (MRSA BSI)  
HEALTHSOUTH TUSTIN REHABILITATION HOSP,0,15109,0.00,0.00,1.98,N,Rehabilitation Acute Care Hospitals,Incidence Rates of Hospital-Onset Methicillin-Resistant Staphylococcus Aureus Bloodstream Infections (MRSA BSI)  
"LAC/RANCHO LOS AMIGOS NATIONAL REHAB CTR, DOWNEY",6,60456,0.99,0.36,2.16,N,Rehabilitation Acute Care Hospitals,Incidence Rates of Hospital-Onset Methicillin-Resistant Staphylococcus Aureus Bloodstream Infections (MRSA BSI)  
"SAN JOAQUIN VALLEY REHAB HOSP, FRESNO",0,17664,0.00,0.00,1.70,N,Rehabilitation Acute Care Hospitals,Incidence Rates of Hospital-Onset Methicillin-Resistant Staphylococcus Aureus Bloodstream Infections (MRSA BSI)  
ST JOSEPH HOSP EUREKA,,,,,,,Rehabilitation Acute Care Hospitals,Incidence Rates of Hospital-Onset Methicillin-Resistant Staphylococcus Aureus Bloodstream Infections (MRSA BSI)  
"THE GENERAL HOSP, EUREKA",0,2573,0.00,0.00,11.64,N,Rehabilitation Acute Care Hospitals,Incidence Rates of Hospital-Onset Methicillin-Resistant Staphylococcus Aureus Bloodstream Infections (MRSA BSI)  
